city,difficulty,question,resource,source,answer,choice1,choice2,choice3,choice4
강화도,하,다음 조약에서 규정하고 있는 3곳의 개항지를 모두 쓰시오.,"""제1관 조선국은 자주국이며 일본국과 더불어 평등한 권리를 보유한다.----------제4관 조선국 정부는 모름지기 별도로 제5관에서 기재한 2곳의 항구를 개방해 일본국 인민이 왕래하면서 통상하게 하며, 해당 지역에 나아가 땅을 빌리거나 집을 짓고 혹은 사람들이 있는 집에 임시로 살고자 한다면 각각 그 편의를 따라 들어주도록 한다.""",,"부산, 인천, 원산",,,,
강화도,중,다음 법을 제정한 국가와 관련한 내용이 아닌 것을 고르시오.,"""제1조 대한국은 세계 만국이 공인한 자주독립 제국이다.---------------------제2조 대한 제국의 정치는 만세토록 불변할 전제 정치이다.------------------제3조 대한국 대황제는 무한한 군권을 지니고 있다.""",,③ 군국기무처를 설치하여 개혁을 추진하였다.,① 황실 경찰 기구로 경위원을 설치하였다.,② 토지 소유권을 입증하는 지계를 발급하였다.,③ 군국기무처를 설치하여 개혁을 추진하였다.,④ 연호를 광무로 바꾸었다.
개성,하,다음 사료에 해당하는 4개 군의 명칭을 쓰시오.,"""원봉 3년(기원전 108) 여름에 니계상 참이 사람을 시켜 조선왕 우거를 죽이고 항복했으나, 왕검성은 함락되지 않았다. 죽은 우거의 대신 성기가 또 반발해 다시 군리를 공격했다. 좌장군은 우거의 아들 장과 항복한 상인 노인의 아들 최로 하여금 그 백성을 달래 성기를 죽이도록 했다. 이로써 드디어 조선을 평정하고 (     )을 설치했다.""",『사기』 「조선」,"낙랑군, 진번군, 임둔군, 현도군",,,,
개성,중,다음 빈칸에 들어갈 말을 쓰시오.,"""사가의 종 (     ) 등 6명이 북산에서 나무하면서 공사의 노예들을 불러 모아 모의하기를, “국가에서 경인년·계사년 이후로 고위 관직이 천한 노예에서 많이 나왔으니, 장수와 정승이 어찌 종자가 있겠는가. 시기가 오면 누구나 할 수 있는 것이다. 우리들은 어찌 육체를 노고하면서 채찍 밑에 곤욕을 당할 수 있겠는가.”라고 하니, 종들이 모두 그렇게 여겼다.""",『고려사』,만적,,,,
경주,하,빈칸에 들어갈 인물의 이름을 쓰시오.,"""임시로 (     )를 설치했는데, ··· 이것은 일시적인 전쟁 때문에 설치한 것으로서, 국가의 중요한 모든 일을 다 맡긴 것은 아니었습니다. 그런데 오늘에 와서는 큰일이건 작은 일이건 중요한 것으로 취급되지 않는 것이 없는데, 의정부는 한갓 헛이름만 지니고 6조는 모두 그 직임을 상실했습니다. 명칭은 ‘변방의 방비를 담당하는 것’이지만 과거 시험에 대한 판정이나 비빈을 간택하는 일까지도 모두 여기를 경유해 나옵니다.""",『효종실록』,비변사,,,,
경주,중,다음 비석의 이름을 쓰시오.,"""신라의 두 청년이 유학 경전을 익힐 것을 약속하며, 앞으로도 유학의 가르침을 지키고 세상이 어지러우면 실천할 것을 서약한 내용이다. 비석이 만들어진 시기를 대체로 552년(진흥왕 13)으로 추정하지만, 612년(진평왕 34)으로 보기도 한다.""",,임신서기석,,,,
곡산,하,다음 빈칸에 들어갈 인물의 이름을 쓰시오.,"""그러자 이자겸은 (     ) 등과 반란을 일으켜 스스로 왕이 되려 하였다(이자겸의 난), 이에 위협을 느낀 인종은 이자겸과 사이가 벌어진 (     )을 회유하여 이자겸을 제거했다.""",,척준경,,,,
곡산,중,다음에서 설명하는 선언의 이름을 쓰시오.,"""1. 남과 북은 통일 문제를 그 주인인 우리 민족끼리 서로 힘을 합쳐 자주적으로 해결해 나가기로 하였다.---------------------------------------------------3. 남과 북은 올해 8·15에 즈음하여 흩어진 가족·친척 방문단을 교환하며 비전향 장기수 문제를 해결하는 등 인도적 문제를 조속히 풀어나가기로 하였다.--5. 남과 북은 이상과 같은 합의사항을 조속히 실천에 옮기기 위하여 빠른 시일 안에 당국 간의 대화를 개최하기로 하였다. 또한 (     )은 김대중 대통령이 김정일 국방위원장의 서울 방문을 정중히 초청하였으며 김정일 국방위원장은 적절한 시기에 서울을 방문하기로 하였다.""",,6·15 남북 공동 선언,,,,
공주,하,빈칸에 들어갈 말을 쓰시오.,"""동학농민군의 제2차 봉기는 1894년 10월부터 12월까지 지속됐다. 동학농민군은 일본군을 몰아내기 위해 서울로 진격을 추진하면서 공주감영을 총공세의 목적지로 삼자, 11월 말부터 공주 일대에서 동학농민군과 일본군 및 조선군 사이에 치열한 전투가 진행됐다. 12월 10일 농민군은 (     ) 전투에서 일본군의 우세한 화력을 극복하지 못하고 패배했다.""",,우금치,,,,
공주,중,다음 빈칸에 들어갈 말을 쓰시오.,"""김헌창은 원성왕에게 왕위를 빼앗긴 김주원이 아들로서, 한때 시중 벼슬도 지냈으나 뒤에 지방의 도독으로 내려갔는데, 웅주를 근거지로 반란을 일으켜 국호를 (     ), 연호를 경운으로 정하고, 한때 광주, 전주, 상주, 진주, 상주, 진주, 원주 등 지금의 호남, 영남, 강원도 일대를 장악하여 큰 세력을 형성했으나 정부군에 의해 진압되고 말았다.""",,장안,,,,
광주,하,빈칸에 들어갈 말을 쓰시오.,"""5월 25일 사실상 부산지역과 대한민국의 다른 지역에 계엄령이 선포되었다. 이때 이래로 이대통령은 국회의원들을 체포하고, 국회의 손에서 (     )을 빼앗아 오는 헌법 개정을 요구했으며 법적인 제약에 대한 아무런 고려 없이 국회를 해산하겠다고 협박했다.""",『한국 국회와 이승만 대통령의 정쟁과 그 전망』,대통령 투표권,,,,
광주,중,다음 빈칸에 들어갈 위원회의 이름을 적으시오.,"""5·18 민주화 운동을 무력으로 억누른 전두환 등 신군부는 (     )를 구성하여 실권을 장악하였다. 집권 준비를 마친 전두환은 통일 주체 국민 회의를 통해 제11대 대통령으로 선출되었다.""",,국가 보위 비상 대책 위원회,,,,
김제,하,빈칸에 들어갈 말을 쓰시오.,"""본래 다섯 족이 있으니, 연노부, 절노부, 순노부, 관노부, (     )가 그것이다. 본래 연노부에서 왕이 나왔으나 점점 미약해져, 지금은 (     )가 왕위를 차지하고 있다.""",『삼국지』 「고구려」,계루부,,,,
김제,중,빈칸에 들어갈 말을 쓰시오.,"""이러한 변화 속에서 유력한 호족들이 독자적으로 세력을 모아 나라를 세웠다. 견훤이 완산주에서 후백제를 세웠다. 견훤은 이후 아들 신검에 의해 (     )에 유폐되었다.""",,금산사,,,,
김해,하,빈칸에 들어갈 나라를 쓰시오.,"""가야 연맹은 변진반로국, 변진구야국, 변진안야국 등 변한에 속한 나라들이 성장하며 형성되었다. 가야의 역사는 김해의 (     )가 연맹을 주도하던 전기와 고령의 대가야가 주도하던 후기로 구분할 수 있다.""",,금관가야,,,,
김해,중,빈칸에 들어갈 이름을 쓰시오.,"""불교 공인 이후 신라 왕실은 종교적 권위를 배경으로 국왕을 신성화했다. 법흥, 진흥 등의 왕명도 ‘불교를 일으킨다’라는 뜻이다. 진흥왕은 불법을 수호하는 (     )을 자처하며 아들 이름을 동륜, 사륜이라 했다.""",,전륜성왕,,,,
나주,하,다음 정부 시기 있었던 일로 옳은 것을 고르시오.,"""이명박 정부는 선거운동 당시부터 실용주의와 경제 살리기를 국정 지표로 내걸었고, 취임 후에는 각종 기업 규제를 철폐하는 등 기업 친화적인 정책을 노골적으로 추진했다. 특히 취임 직후부터 추진한 한반도 대운하 사업은 일부 대형 건설사들을 위한 사업일 뿐 경제적 효율성이 낮고 생태계를 파괴하며 막대한 사업 자금이 든다는 등의 이유로 반대 여론이 거셌다. 그럼에도 정부는 그 명칭을 (     )으로 바꾸고 밀어붙였다.""",,4대강 살리기 사업,,,,
나주,중,다음의 공약을 발표한 인물이 설치한 국가 최고 통치 의결 기구의 이름을 쓰시오.,"""1. 반공을 국시의 제일의로 삼고 지금까지 형식적이고 구호에만 그친 반공 태세를 재정비 강화한다.------------------------------------------------------2. UN 헌장을 준수하고 국제협약을 충실히 이행할 것이며 미국을 위시한 자유우방과의 유대를 더욱 공고히 한다.----------4. 민생고를 시급히 해결하고, 국가 자주 경제 재건에 총력을 경주한다.----------5. 민족적 숙원인 국토 통일을 위해 공산주의와 대결할 수 있는 실력의 배양에 전력을 집중한다.----------6. <군인> 이와 같은 우리들의 과업이 성취되면 참신하고 양심적인 정치인에게 정권을 이양하고 우리는 본연의 임무로 복귀할 준비를 갖춘다.""",,국가재건최고회의,,,,
남양주,하,다음 글을 쓴 인물의 이름을 쓰시오.,"""1여의 토지는 1여의 사람들에게 공동으로 경작하게 하고, 내 땅 네 땅 구분 없이 여장의 명령만을 따른다. 매 사람의 노동량은 매일 여장이 장부에 기록한다. 가을이 되면 수확물을 모두 여장의 집으로 보내어 분배한다. 먼저 국가에 바치는 공세를 제하고, 다음으로 여장의 녹봉을 제하며, 그 나머지를 날마다 일한 것을 기록한 장부에 따라 여민들에게 분배한다.""",『여유당전서』,정약용,,,,
남양주,중,빈칸에 들어갈 고구려 승려의 이름을 쓰시오.,"""장수왕이 백제를 치려고 마음먹고 (     )을 첩자로 보냈다. (     )은 바둑을 잘 두어서 개로왕을 상대하며 신임을 얻었다. 그리고 개로왕을 부추겨 왕릉을 보수하고 성을 쌓으며 궁궐과 누각을 짓는 등 토목공사를 크게 일으켰다. 재정을 고갈시키고 민심을 잃고 난 후 고구려가 백제를 공격했다.""",,도림,,,,
논산,하,빈칸에 들어갈 단어를 쓰시오.,"""660년 7월 10일 계백은 (     )에서 항전을 벌여 신라군과 당군의 집결을 하루 늦추었다.""",,황산벌,,,,
논산,중,빈칸에 들어갈 말을 쓰시오.,"""작년 10월 여수반란사건이 발생한 후부터 시국 수습 대책과 공산주의 세력에 대비하고자 모든 방안을 강구하여 왔는데 국가 대사 시에는 학도들이 총궐기하여 조국을 수호하여야만 하겠다는 역사적, 민족적 요청으로 (     ) 결성을 준비하여 오던 중 서울시에서는 8일 서울운동장에서 서울 시내 10만 학도들의 호국단 결성을 보게 되었다.""",,학도호국단,,,,
당진,하,마산에서 시위가 발생한 날짜를 쓰시오.,"""4.19 혁명 이전에 이미 전국 곳곳에서 부정 선거 반대 시위가 전개되었다. 먼저 거리에 나선 이들은 고등학생이었다. 2월 28일 대구에서 벌어진 고등학생들의 시위를 시작으로 대전, 마산에서 시위가 발생하였다. 이후 대학생과 시민이 합세하여 시위를 계속한 끝에 이승만 독재 정권은 무너졌다.""",,3월 15일,,,,
당진,중,빈칸에 들어갈 인물의 이름을 쓰시오.,"""마카오에서 신학교를 졸업하고 최초의 신부가 된 (     )이 귀국하여 충청도 당진을 근거로 포교하다가 붙잡혀 처형당했다.""",,김대건,,,,
대구,하,"다음 설명이 옳으면 O, 틀리면 X를 쓰시오.","""국채 보상 운동에 앞장선 「대한매일신보」의 주필은 박은식이다.""",,X,,,,
대구,중,사료에 나타나는 신라의 왕을 쓰시오.,"""고구려를 배반한 무리를 받아들이고 또 백제의 옛 땅을 차지하여 사람을 시켜 지키게 하니, 당 고종이 크게 노하여 조서를 내려 왕의 관작을 삭제하였다. ··· 그러나 신라는 백제의 땅을 많이 빼앗아 드디어 국경이 고구려 남쪽 지경까지 닿도록 주·군을 만들었다.""",『삼국사기』,문무왕,,,,
대마도,하,다음 조약의 명칭을 적으시오.,"""제2조 한국 정부는 지금부터 일본국 정부의 중개를 거치지 않고서는 국제적 성질을 가진 어떠한 조약이나 약속도 맺지 않을 것을 서로 약속한다. 제3조 일본국 정부는 그 대표자로 한국 황제 폐하 밑에 1명의 통감을 두되 통감을 오로지 외교에 관한 사항을 관리하기 위해 경성에 주재하고 직접 한국 황제 폐하를 만날 수 있는 권리를 가진다.""",,을사늑약,,,,
대마도,중,다음 자료에서 알 수 있는 사건에서 활약한 인물의 이름을 쓰시오.,"""일본 상인 중에는 조선의 통제무역에 불만을 품고 밀무역을 하거나 해적으로 돌변해 괴롭히는 일도 있었다. 이에 세종 원년에 왜구의 소굴인 대마도를 소탕하고자 227척의 함선과 1만 7,000여 명의 원정군을 파견했다.""",,이종무,,,,
부산,하,다음 선언문이 발표된 직후 시작된 사건의 명칭을 쓰시오.,"""귀와 눈은 진리에 대해 첩첩이 봉쇄되어 저들의 날조된 선전과 허위에 염증을 앓고 있고 ··· 탄식하며 좌시할 수 없음을 이 푸르고 높은 10월의 하늘과 더불어 맹세코자 한다. ··· 모든 경제적 모순과 실정을 근로자의 불순으로 뒤집어씌우고, 협박, 공포, 폭력으로 짓눌러왔음을 YH 사건에서 단적으로 보여주고 있고, 저들의 입으로나마 나불대던 민주공화국의 형식 논리마저도 이제는 부정함을 야당 파괴 음모에서 깨닫게 하여 주었다. ··· 학우여! 오늘 우리의 광장은 군사 교육장으로 변하였고 자유로운 토론은 정보원과 그 앞잡이 상담 지도관과 호국단이 집어 삼키지 않았는가!""",「민주투쟁선언문」,부마항쟁,,,,
부산,중,빈칸에 들어갈 단체의 이름을 적으시오.,"""남한의 후방 지역에서는 (     )이라고 불리는 좌익 무장 유격대들의 활동이 계속되었다. 이들은 지리산, 오대산, 태백산 등 산악 지역을 근거지로 삼아, 관공서를 습격하거나 경찰, 군인 등을 공격하였다. 북한은 훈련된 무장 병력을 파견하여 이들의 활동을 지원하였다. 북한은 본격적인 전쟁이 시작될 경우 (     )의 대대적인 봉기가 있을 것으로 기대하였다. 그러나 군경의 대대적 토벌로 6.25 전쟁이 일어날 즈음에는 그 세력이 크게 위축된 상태였다.""",,빨치산,,,,
상주,하,다음을 보고 알 수 있는 빈칸에 들어갈 왕을 쓰시오.,"""고구려 (     )은 남쪽으로 영역을 확장하며 평양으로 천도하였다(427). 백제를 공격하여 수도인 한성을 함락하고, 한강 유역으로 진출하여 한반도 중부 지역까지 영토를 확장하였다.""",,장수왕,,,,
상주,중,빈칸의 인물이 일으킨 봉기의 이름을 쓰시오.,"""진성 여왕 3년(889) 나라 안의 모든 주·군에서 공물과 세금을 보내지 않아 창고가 텅텅 비고 나라 재정이 궁핍해졌다. 왕이 사신을 보내 독촉하니 곳곳에서 도적이 벌 떼처럼 일어났다. 이때 (     )등이 사벌주에서 반란을 일으켰다.""",『삼국사기』,원종과 애노의 난,,,,
서울,하,다음 담화문이 발표된 날짜를 적으시오.,"""친애하는 국민 여러분, 저는 북한 공산 세력의 위협으로부터 자유대한민국을 수호하고 우리 국민의 자유와 행복을 약탈하고 있는 파렴치한 종북 반국가 세력들을 일거에 척결하고 자유 헌정질서를 지키기 위해 비상계엄을 선포합니다. 저는 이 비상계엄을 통해 망국의 나락으로 떨어지고 있는 자유 대한민국을 재건하고 지켜낼 것입니다.""",「긴급 대국민 특별 담화」,12월 3일,,,,
서울,중,빈칸에 들어갈 말을 쓰시오.,"""(     )은 순 국문신문으로 1898년 8월 10일자로 창간되었다. 하층민과 부녀자를 주된 독자층으로 삼았다. 법률과 풍속의 개량에 의한 민지계발을 내세우며 국민 계몽에 힘썼다. 국민에게 국문의 중요성을 일깨우고 하층민의 지식계발을 실천하였으며, 국가발전과 국권수호를 위하여 국민의 실력양성이 시급하다는 점을 강조하였다.""",,제국신문,,,,
서천,하,빈칸에 들어갈 말을 쓰시오.,"""나라에는 왕이 있고, 가축의 이름으로 관명을 정하여 마가·우가·저가·구가, 대사·대사자·사자가 있다. ··· 제가들은 별도로 (     )를 주관하였다. 그중 큰 곳은 수천 가에 이르렀고, 작은 곳은 수백 가였다.""",『삼국지』 「위서동이전」,사출도,,,,
서천,중,다음은 백제 부흥 운동의 전개를 보여주는 사료이다. 빈칸에 들어갈 인물의 이름을 순서대로 쓰시오.,"""무왕의 조카 (     )은 승려 (     )과 함께 주류성에 근거해 반란을 일으키고, 일찍이 왜에 볼모로 가 있던 옛 왕자 (     )을 맞이해 왕으로 세웠다.""",『삼국사기』,"복신, 도침, 부여풍",,,,
영주,하,빈칸에 들어갈 단어를 쓰시오.,"""서원은 민간에서 설립한 교육기관이다. 중종 대에 (     )을 세운 이래로 전국 각지에서 서원이 건립됐다. 국가에서 여러 서원에 편액을 하사하고 토지·노비·서적 등을 지원하는 경우도 있었는데, 국가의 지원을 받는 서원을 ‘사액서원’이라고 했다.""",,백운동 서원,,,,
영주,중,다음 글의 명칭을 쓰시오.,"""슬프다. (일본은) 용과 호랑이의 위세로서 어찌 뱀이나 고양이 같은 행동을 한단 말인가. 지금 서양 세력이 동양으로 뻗쳐 오는 환난을 동양 사람이 일치단결해서 극력 방어함이 최상책이라는 것은 비록 어린아이일지라도 익히 아는 일이다. 그런데도 무슨 이유로 일본은 이러한 순리의 형세를 돌아보지 않고 같은 인종인 이웃 나라를 치고 우의를 끊어 스스로 방휼의 형세를 만들어 어부를 기다리는 듯 하는가. ··· 그러므로 동양 평화를 위한 의로운 싸움을 하얼빈에서 시작했으며, 옳고 그름을 가리는 자리는 여순으로 정했다.""",,「동양평화론」,,,,
영흥,하,빈칸에 들어갈 단어를 쓰시오.,"""공민왕은 변발, 호복 등 몽골 풍속을 버리고, 기철 등 친원 세력을 숙청하였다. 이어서 정동행성이문소를 폐지하였으며, (     )를 공격하여 철령 이북의 영토를 수복하고 북쪽으로 영토를 확대하였다.""",,쌍성총관부,,,,
영흥,중,빈칸에 들어갈 말을 쓰시오.,"""발해는 당의 제도를 본떠 정비된 정치제도를 마련하였다. 즉, 당의 3성 6부제를 모방하여 (     ), (     ), (     )의 3성과 충부(이부), 인부(호부), 의부(예부), 지부(병부), 예부(형부), 신부(공부)의 6부를 두었다.""",,"정당성, 선조성, 중대성",,,,
울산,하,"다음 설명이 옳으면 O, 틀리면 X를 쓰시오.","""1960년대 경제 개발 5개년 계획 시기에 정부는 중화학 공업을 적극적으로 육성하였다. 철강, 화학, 기계, 조선 등의 분야를 집중적으로 지원하고, 포항, 울산 등 경상도 해안 지역에 대규모 중화학 공업 단지를 조성하였다.""",,X,,,,
울산,중,다음 영화를 제작하고 주연으로 출연한 인물의 이름을 쓰시오.,"""<아리랑>은 6개월 동안 110만여 명이 관람했다고 기록된다. 농촌 청년인 영진과 지주의 심부름꾼인 오기호 간의 갈등을 그렸다. 관객들은 영화를 보며 영진을 자신과 같은 식민지 조선 민중으로, 오기호를 지배자인 일본으로 여기는 경우가 많았다. 특히 영진이 오기호를 낫으로 쓰러뜨린 후 일본 경찰에게 끌려가고 마을 사람들이 아리랑을 부르며 배웅하는 마지막 장면에서는 관객들도 모두 일어나 아리랑을 불렀다고 한다.""",,나운규,,,,
원산,하,빈칸에 들어갈 말을 쓰시오.,"""(     )은 한 석유 회사에서 일본인 감독이 한국인 노동자를 구타한 사건에서 비롯되었으며, 일제 경찰의 철저한 봉쇄와 탄압에 맞서 투쟁을 4개월이나 지속하였다. (     )은 일제 강점기 최고의 투쟁 강도를 보여 준 최대 규모의 노동 쟁의였으며, 일제 경찰력과 일본인 자본가에 맞서 치열하게 투쟁한 반제국주의 항일 운동이었다.""",,원산 총파업,,,,
원산,중,빈칸에 들어갈 말을 쓰시오.,"""평민은 국가를 유지하는 데 가장 중심이 되는 계층이었다. 평민은 가장 많은 비중을 차지하고 농업·어업·가내수공업 등 각종 생산활동에 종사하면서 세금을 납부하고 노동력을 제공하며 군역을 졌다. 그래서 국가는 평민을 보호하고 자연재해나 흉년 등으로 어려움을 겪을 때 몰락하지 않도록 여러 정책을 펼쳤다. 2세기 말 고구려 고국천왕이 (     )을 시행한 것도 그 일환이었다.""",,진대법,,,,
의령,하,빈칸에 들어갈 인물의 이름을 쓰시오.,"""임진왜란 당시 전국에서 유생, 양반, 승려들이 의병을 조직하였고, 농민들도 적극적으로 의병에 참여하였다. 지역 지리에 익숙하였던 의병들은 매복, 기습, 위장 등과 같은 전술을 펼쳐 적은 병력으로 일본군에 큰 피해를 주었다. 당시 고경명, 조현, 유정, (     ) 등의 의병장들이 의병을 이끌었다. 이 중 (     )는 붉은 비단 철릭을 입어 홍의 장군으로 불렸다.""",,곽재우,,,,
의령,중,다음 사료에서 백성을 진정시키기 위해 설치된 기구의 명칭을 쓰시오.,"""오늘의 허다한 폐정은 모두 장동 김씨가 세도할 때 비롯되었다. 뇌물이 공공연히 행해지고 탐학을 부려도 징치하지 않는 데다가, 더욱이 백성을 수탈하는 근원이 되었다. ··· 철종 임술년에 삼남의 백성이 대란을 일으킴에 겨우 어루만져 진정시킬 수 있었다.""",『오하기문』,삼정이정청,,,,
인천,하,빈칸에 들어갈 말을 쓰시오.,"""일본은 대규모의 군대를 파견해 임오군란 당시 일본 공사관이 습격받은 일을 구실로 조선에 (     )의 체결을 강요하였다. 이에 따라 일본은 조선에 배상금을 물리고 공사관을 호위한다는 구실로 일본군을 한성에 주둔시켰다.""",,제물포 조약,,,,
인천,중,다음 조서의 이름을 쓰시오.,"""1. 청국에 의존하는 관념을 버리고 자주독립의 기초를 세운다.-----------------7. 조세의 부과와 징수, 경비의 지출은 모두 탁지아문에서 관할한다.-----------13. 민법과 형법을 엄격하게 제정하여 인민의 생명과 재산을 보전한다.-------------------14. 문벌 및 지벌에 구애되지 말고, 선비를 두루 구하여 인재를 등용한다.""",,「홍범 14조」,,,,
제주도,하,빈칸에 들어갈 사건의 명칭을 쓰시오.,"""(     )은 남한 단독 정부 수립에 반대했던 제주도 좌익 세력이 도내의 경찰과 우익 청년단을 동시다발적으로 습격하면서 본격적으로 시작됐다. 그런데 무장대의 습격에는 단독 정부 수립 반대라는 정치적 이유뿐 아니라, 1947년 3.1절 기념 시위 이후 제주도민이 당한 수탈과 폭력에 대한 분노가 중요하게 자리하고 있었다.""",,4.3 사건,,,,
제주도,중,빈칸에 들어갈 지명 2개를 순서대로 쓰시오.,"""원종은 몽골과 강화를 맺고 개경으로 환도하였다. 이에 삼별초는 개경 환도를 반대하며강화도에서 봉기하였다. 이후 (     ), (     )로 근거지를 옮겨 가며 계속 항전하였으나, 끝내 고려 정부와 몽골 연합군에게 진압되었다.""",,"진도, 제주도",,,,
진주,하,빈칸에 들어갈 인물의 이름을 쓰시오.,"""건저란 세자를 세운다는 의미다. 왕세자가 정해지지 않은 당시 삼정승이었던 이산해, 류성룡, (     )이 국왕에게 건저를 건의하기로 합의했다. 그러나 건의하기로 한 당일 이산해는 참석하지 않고 류성룡, (     )만이 발언했다. 국왕은 이를 거부하는 것은 물론이고 (     )이 주도한 것이라며 그를 유배 보냈다. (     )은 유배지에서 「관동별곡」 등의 가사를 지었다.""",,정철,,,,
진주,중,다음이 설명하는 단체의 이름을 쓰시오.,"""1894년 갑오개혁으로 백정이 법적으로 해방됐으나, 사회적인 차별은 여전했다. 1923년 경남 진주에서 처음으로 백정단체가 조직됐다. 백정의 자녀가 학교 입학을 거부당한 것이 직접적 계기였다. 창립 취지에서 계급 타파·모욕적 칭호 폐지·교육 권장·상호 친목 등을 표방했다. 창립 1년 만에 12개 지사와 67개 분사를 거느리는 전국조직으로 확대됐다. 이 단체가 활동을 지속한 결과 1930년대에 이르면 제도적인 차별이 많이 줄어들었다. 호적이나 학적부에 백정을 가리켜 ‘도한’이라고 썼던 신분 표시도 공식적으로 사라졌다.""",,형평사,,,,
천안,하,다음 선언의 영향을 받아 일어난 사건을 쓰시오.,"""마지막으로 동양 평화의 관점에서 보았을 때 위협자이던 러시아는 군국주의적 야심을 포기하고 정의와 자유와 박애를 기초로 한 새로운 국가를 건설하는 중이고 중국 또한 그러하며 이번 국제 연맹이 실현되면 다시 군국주의적 침략을 감행할 강국은 없을 것이다. 그렇기에 한국을 합병한 가장 큰 이유가 이미 소멸되었을 뿐더러 만일 조선 민족이 무수한 혁명과 반란을 일으킨다면 일본에게 합병된 한국은 도리어 동양 평화를 교란할 화근이 될 것이다. 그러나 만약 일본이 우리 겨레의 정당한 요구에 불응한다면 우리 겨레는 일본에 대하여 영원한 혈전을 선언하리라.""",「2·8 독립 선언서」,3·1운동,,,,
천안,중,다음 개혁안을 결의한 단체의 이름을 쓰시오.,"""제1조 외국인에게 의지하지 말고 관민이 합심해 황제권을 공고히 할 것.---------제2조 외국과의 이권에 관한 계약과 조약은 해당 부처의 대신과 중추원 의장이 함께 날인해 시행할 것.---------------------------------------------------제3조 재정은 탁지부에서 전담해 맡고, 예산과 결산을 국민에게 공포할 것.-------------제4조 중대한 범죄는 공판하고, 피고에게 충분히 설명하여 그가 자복한 후 (형벌을) 시행할 것.-------------------------------------제5조 칙임관은 황제가 정부에 그 뜻을 물어 과반수가 동의하면 임명할 것.-------------------제6조 「장정」(갑오개혁기에 제정된 법령들)을 실천할 것.""",,독립협회,,,,
철원,하,"다음 설명이 옳으면 O, 틀리면 X를 쓰시오.","""궁예는 904년 국호를 마진, 연호를 무태로 고쳤고, 이듬해인 905년 철원으로 다시 천도했다.""",,O,,,,
철원,중,다음이 설명하고 있는 법명을 쓰시오.,"""1907년 7월 일본인 한국인들의 집회와 결사·언론의 자유를 탄압하기 위해 한국 정부에 제정·반포하게 한 법률이다. 이를 통해 일제는 한국 정부와 경찰을 내세워 항일운동을 하는 인물과 단체를 합법적으로 탄압할 수 있었다.""",,보안법,,,,
청주,하,빈칸에 들어갈 말을 쓰시오.,"""구리를 녹여 만든 금속 활자는 고려가 세계 최초로 발명하였다. 금속 활자를 이용하여 인쇄된 최초의 책은 1234년에 간행된 『상정고금예문』으로, 현재 전하지 않는다. 1377년 청주 흥덕사에서 만든 (     )가 세계에서 가장 오래된 금속 활자본으로 인정받고 있다.""",,백운화상초록불조직지심체요절,,,,
청주,중,삼국통일 이후 신라는 9주 5소경을 갖추었다. 신라의 5개 소경을 모두 쓰시오.,,,"중원소경, 북원소경, 김해소경, 서원소경, 남원소경",,,,
평양,하,빈칸에 들어갈 단어를 쓰시오.,"""북한은 1956년부터 대중의 정신력을 강화하여 노동 생산성을 높이려는 (     ) 운동을 전개하였다. (     ) 운동으로 대중의 노동력을 동원하여 한때 경제 성장을 이루었지만, 기술 혁신과 물질적인 뒷받침이 부족하여 한계에 부딪혔다.""",,천리마,,,,
평양,중,다음과 관련된 실력 양성 운동을 이끈 사람의 이름을 쓰시오.,"""보아라! 우리의 먹고 입고 쓰는 것이 거의 다 우리의 손으로 만든 것이 아니었다. 이것이 세상에 제일 무섭고 위태한 일인 줄을 오늘에야 우리는 깨달았다. 피가 있고 눈물이 있는 형제자매들아, 우리가 서로 붙잡고 서로 의지하여 살고서 볼 일이다. 입어라! 조선 사람이 짠 것을. 먹어라! 조선 사람이 만든 것을. 써라! 조선 사람이 지은 것을. 조선 사람, 조선 것""",,조만식,,,,
개봉,하,다음 중 빈칸에 들어갈 인물로 옳은 것을 고르시오.,"""(     )의 종친살해와 지나친 한화정책은 여진귀족의 반발을 불러일으켜 (     )의 남송정벌을 틈타 종보의 아들 조록이 황제에 올랐다. 중국에 머물고 있던 (     )은 급히 남송과 화친하고 군사를 돌려 본국으로 되돌아가려 하였으나 부하에게 살해되었다.""",,② 해릉왕,① 금 세종,② 해릉왕,③ 원 태종,④ 요 성종
개봉,중,빈칸에 들어갈 정책의 명칭을 쓰시오.,"""과거 가난한 자들은 호민으로부터 돈을 꾸고 이자를 냈습니다만, 지금의 가난한 자들은 관아에서 돈을 꾸어 이자를 내고 있습니다. 관아에서는 이자를 낮게 하므로 백성들은 궁핍함에서 벗어날 수 있습니다. 그러니 청묘법도 지금 이미 제 궤도에 올랐습니다. ··· (     )이 완성되면 농사를 침해하지 않고 백성들의 부담이 공정해질 것입니다. 보갑법이 완성되면 각처 도적들의 난리는 멎고 국가의 위세가 강력해질 것입니다.""",『임천선생문집』,면역법,,,,
광저우,하,"다음 설명이 옳으면 O, 틀리면 X를 쓰시오.","""국민당 제1차 전국대표대회에서는 신삼민주의 강령이 채택되었다. 그 내용을 보면, 제국주의 침략에 반대하여 민족해방과 민족의 평등을 완성하고, 봉건군벌의 타도와 민중의 자유와 권리쟁취, 대토지사유와 독점자본주의반대에 의한 민중복리를 채택하였다. 이는 연소, 용공, 노농원조의 3대 정책과 함께 통일전선의 기본강령이 되었고, 이는 제1차 국공합작으로 이어지게 되었다.""",,O,,,,
광저우,중,다음 중 빈칸에 들어갈 인물로 옳은 것을 고르시오.,"""청의 중국정복은 한인을 이용하여 통치하는 이한제한정책을 취한 것이다. 이리하여 청은 잠정적으로 중국정복에 협력한 명나라 장수를 각지에 봉하였다. 특히 청조의 중국진출에 공이 큰 오삼계를 운남에, (     )를 광동에, 상가희를 복건 왕으로 봉하니 이를 3번이라 하였다.""",,④ 경계무,① 정성공,② 임칙서,③ 홍수전,④ 경계무
낙양,하,다음 선언문이 발표된 직후 발생한 사건의 명칭을 쓰시오.,"""너희들은 비를 만나 모두 이미 기한을 어겼고, 기한을 어긴 자는 법에 따라 마땅히 참수되어야 한다. 내가 겨우 너희가 참수되지 않도록 했지만, 멀리로 수송되어 죽게 될 자는 본디 열여섯이나 열입곱명이다. 지금 달아나도 죽고, 큰일을 도모해도 죽는다. 죽기는 마찬가지이니, 죽는다면 차라리 큰 이름을 날려야 하지 않겠는가?  ··· 왕이나 제후, 장군, 재상이란 자리에 어찌 특별한 씨가 따로 있겠는가!""",『사기』,진승·오광의 난,,,,
낙양,중,빈칸에 들어갈 인물을 쓰시오.,"""(     )은 거록 사람으로 스스로를 `대현량사`라 칭하고, 황로도를 받들며 부적과 주문에 능하였고, 제자들을 길러 여덟 주에 널리 퍼뜨렸다. 모두 황색 두건을 써서 표식으로 삼았으므로, `황건적`이라 불렸다.""",『후한서』,장각,,,,
난징,하,"다음 설명이 옳으면 O, 틀리면 X를 쓰시오.","""장의는 6국과 연합하여 진에 대항해야 한다는 합종책을 주장했고, 소진은 6국이 각각 진과 화친해야 한다는 연횡책을 주장했다.""",,X,,,,
난징,중,다음 중 자료에서 설명하는 4대 공장에 해당하지 않는 것을 고르시오.,"""양무운동은 중체서용이 의미하듯 서양의 과학기술, 특히 군수시설을 받아들여 중국의 자강을 꾀하려는 부국강병운동으로 그 내용은 무기와 장비, 군사시설에 집중되어 있다. 이홍장은 상해와 남경에서, 좌종단은 복주에서, 승후는 천진에서 공장을 설립했다. 그러나 원자재는 외국에서 수입되었고, 품질도 우수하지 못했으며, 중국인 관료에 대한 막대한 인건비 지출 등의 한계를 보였다.""",,④ 상해선정국,① 금릉기기국,② 천진기기국,③ 선정국,④ 상해선정국
베이징,하,빈칸에 들어갈 군사 제도의 명칭을 쓰시오.,"""(     )는 화살이란 의미의 니루를 기본 단위로 한 군사·사회 조직이다. 니루는 만주족의 수렵 생활에서 발전한 일종의 씨족조직과 관련이 있다. 1니루는 300명을 단위로 한 군사·행정 조직으로 발전하였고, 다시 5니루가 1잘란으로, 5잘란의 병력이 1구사를 구성하는데, 구사는 중국 말로 `기`라고 한다.""",,팔기제,,,,
베이징,중,다음의 내용을 포함하고 있는 사료를 고르시오.,"""● 소비에트 정부는 과거 제정러시아 시대에 중국에서 침략적인 수단으로 빼앗은 만주 및 기타 지역의 토지를 포기한다. 그 지역 내의 인민이 어떠한 국가 내에서 생활하기를 바라는가 또는 어떤 정치형태를 선택하는가는 그들의 선택에 맡긴다.--------------------------------------------------------------------● 소비에트 정부는 중국인민을 대표하는 전권대사와의 사이에 그 밖의 모든 문제를 토의하여 제정러시아가 일본 및 협약국과 공동으로 중국에 대하여 범한 협박과 부정한 행위를 모두 영원히 취소할 의사가 있다.""",,③ 제1차 카라한 선언,① 포츠머스 조약,② 브레스트-리토프스크 조약,③ 제1차 카라한 선언,④ 바르샤바 조약
상하이,하,빈칸에 들어갈 인물을 쓰시오.,"""미국에 유학중이던 (     )은/는 진독수에게 편지를 보내 구어체 운동을 건의하니 문학혁명운동이 여기에서 시작되었다. 이 운동은 단순히 문장의 표현형식에 대한 혁신만이 아니라 문어체를 받치고 있던 전통적인 정신구조 그 자체를 변혁시키고자 하는 문학 혁명운동이었다.""",,호적(후스),,,,
상하이,중,빈칸에 들어갈 인물을 쓰시오.,"""장개석은 농촌의 지주층, 도시의 자본가, 군벌, 외국 자본가의 지지를 얻기 위해 공산당과의 결별이 불가피함을 인식하게 되었다. 장개석에 의한 이른바 상해반공 쿠데타의 사회경제적 배경은 여기에 있다. 상해 쿠데타로 수많은 노동자와 공산당원을 처형한 후 1927년 4월 18일에 남경에 국민당정부를 수립하였다. 1928년 6월에는 북경에 있던 (     )을 몰아내고 북경을 함락하여 중국은 국민당정부에 의해 통일이 달성되었다.""",,장작림(장쭤린),,,,
성도,하,다음의 유교 경전에 해당하는 서적을 모두 쓰시오.,"""유교의 경전에 해당하는 5경은 기원 전 10세기부터 7세기까지 만들어진 300여 편의 시로 이루어져 있다. 그 내용은 정치적 사건을 읊은 시와 의례적 송가, 남녀의 사랑을 노래한 애정시 등 다양하다.""",,"시경, 서경, 역경, 예기, 춘추",,,,
성도,중,빈칸에 들어갈 인물을 쓰시오.,"""후당의 진양절도사 (     )이 산서에서 반란을 일으키고 거란에 원조를 청하였다. 거란의 태종은 군사를 동원하여 후당을 제압한 후 (     )을 제위에 앉히니 이가 후진의 고조이다. 거란은 (     )에게 대가를 요구하였다. 즉, 후진을 보호국으로 삼고 세폐를 받았을 뿐만 아니라 화북지방의 연주, 운주 등 연운 16주를 할양받았다.""",,석경당,,,,
양저우,하,빈칸에 들어갈 법의 명칭을 쓰시오.,"""양염은 마침내 (     )을 만들어 세역 명목을 단일화하도록 청하면서 이렇게 말하였다. ""모든 세역을 합쳐서 돈으로 거두십시오. ··· 호(戶)는 원주민과 이주민을 구분하지 말고, 현재 거주지를 기준으로 한 과세 장부를 만드십시오. 백성들은 나이가 아니라 빈부에 따라 차등을 두어 징세하십시오. ··· 여름세는 6월까지 걷고 가을세는 11월까지 거두십시오.""""",『당회요』,양세법,,,,
양저우,중,다음 사료에서 설명하는 반란의 명칭을 쓰시오.,"""관숙, 채숙, 무경 등이 과연 회이를 거느리고 반란을 일으켰다. 주공은 이에 성왕의 명을 받들어 군사를 일으켜 동방 정벌에 나섰고, 대고를 지었다. 마침내 관숙을 베어 죽이고, 무경을 죽이고, 채숙을 내쫓았다. 은나라의 유민을 거두어들이고 강숙을 위나라에, 미자를 송나라에 봉하여 은나라의 제사를 받들게 했다. 회이 동쪽 땅을 평정하여 2년 만에 모두 평정하였다. 제후들은 모두 복종하여 주 왕실을 종주로 받아들였다.""",『사기』,삼감의 난(삼숙의 난),,,,
영파,하,빈칸에 공통으로 들어갈 인물을 쓰시오.,"""(     ) 중원 2년에 왜의 노국이 공물을 바치고 조공하였는데, 사신은 대부를 자칭하였다. 노국은 왜에서 남쪽에 있는 나라이다. (     )는 노국 사자에게 도장을 하사하였다. 안제 영초 원년에 왜의 국왕 수승 등이 생구 161인을 바치고 황제를 알현하기를 원하였다.""",『후한서』,광무제,,,,
영파,중,다음과 같은 내용을 연설한 인물을 쓰시오.,"""요컨대 정부는 노구교 사건에 대해 일관된 방침과 입장을 정했으며 이를 고수할 수밖에 없다. 우리는 평화를 바라지만, 구차한 안정을 바라지는 않는다. 응전은 준비하지만, 전쟁의 개시를 결정하지는 않는다. 우리는 전국적인 응전의 국면 이후에는 최후까지 희생만이 있을 뿐, 결코 조그만한 요행수도 없다는 것을 알고 있다. 만약 전쟁이 시작된다면 남북도, 노소도 없이, 누구든지 이 땅을 지키기 위해 항전할 책임이 있으며 모든 것을 희생할 결심을 굳혀야 한다.""",「루산성명」,장개석(장제스),,,,
장안,하,다음은 한 대의 재정에 대한 내용이다. 빈칸에 들어갈 말을 각각 쓰시오.,"""산과 바다는 천지간에 나는 물건을 보관하는 창고이니, 마땅히 모두 (     )에 속하는 것이나, 폐하께서 사사롭게 여기지 아니하시어 (     )에 귀속시켜 나라의 재정에 도움을 주도록 하셨습니다.""",,"소부, 대농",,,,
장안,중,빈칸에 들어갈 말을 쓰시오.,"""강통은 (     )이라는 글을 지어 조정에 경고하기를, ""그들의 성질은 탐욕이 끝이 없고 흉폭하다. 사이 중에서도 융과 적이 특히 심하다. 자신들이 약해지면 겉으로는 복종하는 척하고, 강해지면 반기를 들어 침범한다. 강성했을 때는 한 고조가 백등산에서 굴욕을 당했지만, 쇠미해졌을 때는 흉노의 선우가 한에 입조하기도 했다.""라고 하였다.""",『자치통감』,사융론,,,,
톈진,하,다음 강화조약의 명칭을 쓰시오.,"""일본 측은 다음 날 휴전의 조건으로 ‘청국군은 일본군에게 전투가 진행 중인 다구, 톈진, 산하이관의 성루를 내놓고, 일본 군무관이 톈진과 산하이관 사이의 철도를 지배하게 해줄 것’ 등을 제안하였다. 그러나 청은 일본 측의 제안을 받아들일 수 없다면서 강화회담으로 들어갈 것을 제안했다. 더불어 회담을 마친 리홍장이 길거리에서 오야마 도요타로에게 저격을 당하고 일본이 세계 언론의 비판을 받으면서, 이후 양국은 휴전조약을 체결하고 곧이어 강화조약을 체결했다.""",,"시모노세키 조약(하관조약, 마관조약)",,,,
톈진,중,빈칸에 들어갈 장소의 명칭을 쓰시오.,"""제2차 아편전쟁에 따라 천진 조약을 비준하기 위하여 북경에 들어오는 영·불의 군함을 천진 입구의 태고포대에서 포격하자, 이에 원정군이 파견되어 북경을 점령한 후 동양의 베르사유궁으로 자랑하던 (     )에서 문화재를 약탈하는 등 다시 한번 청을 굴복시켰다. 이후 북경조약도 추가로 비준하는 등 청은 더욱 큰 손실을 겪었다.""",,원명원,,,,
충칭,하,빈칸에 들어갈 정부의 명칭을 쓰시오.,"""(     )는 전황에 적응하고, 전체 상황을 통합적으로 조율하며, 장기 항전을 위해 오늘 충칭으로 이동한다. 이후에는 최대 규모로 더욱 지속적인 전투를 수행할 것이다. 중화 인민의 수많음과 넓은 영토, 그리고 죽음을 각오하는 결심, 그들의 열혈을 이 땅과 함께 하나로 응집하고, 어떤 폭력도 이를 분리하지 못하며, 외부에서는 국제사회의 동정을 얻고, 내부로는 민중의 단결이 있어, 계속 항전함으로써 반드시 국가와 민족의 생존과 독립을 수호하는 목적을 달성할 것이다.""",,국민정부,,,,
충칭,중,빈칸에 공통으로 들어갈 말을 쓰시오.,"""(     )이 좌국성으로 천도하자, 호인과 서진에서 귀부한 자들이 점차 늘어났다. (     )이 군신들에게 일러 말하기를, ""과거 한은 장구히 천하를 다스리며 백성들에게 은혜롭게 대하였다. 나는 한 황실의 외손으로서 형제로 맺어졌다. 형이 망하였으니 아우가 이어받는 것이 옳지 아니한가!""라고 하였다. 이에 나라를 세워 국호를 한이라 하였다.""",『자치통감』,유연,,,,
카라코룸,하,"다음 설명이 옳으면 O, 틀리면 X를 쓰시오.","""원대의 국가통치기구는 최고 행정기구로 중서성을 두고, 군사기구로 추밀원을 두며, 감찰기구로 어사대를 두어 삼권체제로 구성되었다.""",,O,,,,
카라코룸,중,빈칸에 공통으로 들어갈 말을 쓰시오.,"""(     )의 사근(카간)이 딸을 북주의 무제에게 보낼 것을 승낙하자, 북제도 (     )에 청혼하였다. 북주의 청혼이 수용되어 그 딸이 무제의 황후가 되었다. (     )은 북주와 북제 양국을 조종하여 양쪽으로부터 선물을 받아 냈다. 사근을 이은 타발 카간은 ""나에게는 남방에 두 효성스러운 아들이 있으니 물자가 없어질 걱정이 결코 없다.""라고 호언하였다.""",『주서』,돌궐,,,,
함양,하,"다음 설명이 옳으면 O, 틀리면 X를 쓰시오.","""상앙의 2차 변법에서는 군공에 따라 작위를 수여하는 군공수작제를 실시하였다.""",,X,,,,
함양,중,다음은 진시황이 하나로 통일한 법령의 일부이다. 다음 내용과 관련이 깊은 제자백가의 사상을 집대성한 인물을 쓰시오.,"""사건을 심리할 때에는 기록된 진술에 근거하여 사건을 추적하고 조사해야 한다. 그때 피의자를 고문하지 않고 사건의 진상을 밝혀내는 것이 상책이고, 고문으로 진상을 밝히는 것은 하책이다. 피의자를 두렵게 하는 것은 바람직하지 않다.""",운몽 수호지 출토 竹簡,한비자,,,,
항저우,하,"다음 설명이 옳으면 O, 틀리면 X를 쓰시오.","""남송 대 왕안석의 신법개혁 등 화북에서의 영향력을 되찾기 위해, 국가의 중흥을 도모하기도 했다.""",,X,,,,
항저우,중,빈칸에 들어갈 사건의 명칭을 쓰시오.,"""가의와 조조는 제후왕국의 세력이 강대해지는 것을 걱정하여 제압해야 한다고 주장하였다. 이에 대해 제후왕들은 연합하여 간신 조조를 죽인다는 명목으로 자신들의 강력한 군사력을 배경으로 (     )을 일으키자, 중앙정부는 군대를 파견하여 이들을 진압시키고 제후왕국에 대한 억제책을 실시하였다.""",,오초칠국의 난,,,,
교토,하,다음 중 교토에서 발발한 사건으로 옳지 않은 것을 고르시오..,,,④ 나가시노 전투,① 혼노지의 변,② 보신 전쟁,③ 오닌의 난,④ 나가시노 전투
교토,중,다음과 같은 주장을 한 인물을 쓰시오.,"""우리 일본의 국토는 아시아의 동쪽에 있다 하더라도 그 국민의 정신은 이미 아시아의 고루에서 벗어나 서양의 문명으로 옮겨졌다. ··· 우리나라는 이웃 나라의 개화를 기다려 함께 아시아를 번영시킬 여유가 없다. 차라리 그 대열에서 벗어나 서양의 문명국과 진퇴를 같이 하여, 중국, 조선과 접하는 방식도 이웃나라이기 때문에 특별히 봐줄 것이 아니라 바로 서양인이 이들과 접하는 방식에 따라 처리해야 한다.""",,후쿠자와 유키치,,,,
나가사키,하,빈칸에 들어갈 학문의 명칭을 쓰시오.,"""에레키테루는 전기나 전류를 뜻하는 네덜란드어에서 유래한 말로, 일본에서는 정전기 발생 장치를 통칭하는 의미로 쓰였다. 에도 막부 시기 (     )을 연구하던 히라가 겐나이가 파손된 에레키테루를 구입하여 복원하는 데 성공하였다. 이후, 정전기 발생 장치는 일본에서 치료나 놀이에 활용되었다.""",,난학,,,,
나가사키,중,다음 중 나가사키의 개항을 명시한 조약의 내용과 그 결과로 옳지 않은 것을 고르시오.,,,④ 영사의 주재 허용,① 일본에 수출입하는 모든 상품들에 대한 협정 관세의 원칙 적용,② 요코하마와 고베 개항,③ 치외법권 명시,④ 영사의 주재 허용
나라,하,다음 대불 조성 사업을 추진한 천황을 쓰시오.,"""덴포 15년, 계미 10월 15일을 맞아 불교를 융성하게 하고 널리 중생을 구하고 싶은 염원을 담아 노나사불 금동상 1구를 만들어 바친다. 나라의 구리를 모두 모아 불상을 주조하고 큰 산을 깎아 불당을 세우고 불법을 널리 세계에 펼쳐 짐의 불법 수행 동지로 삼고 싶다. 그리하여 마침내 불법의 이익을 얻어, 다 함께 부처의 깨달음을 얻고 싶다. ··· 국내 모든 지역에 포고하여 짐의 뜻을 알려라.""",,쇼무 천황,,,,
나라,중,다음은 일본 NHK 뉴스의 보도이다. 빈칸에 들어갈 성의 이름을 쓰시오.,"""2019년 10월 31일, 과거 류큐 왕국의 왕성 역할을 했던 오키나와 현의 (     )에서 일어난 화재로부터 벌써 5년이 지났습니다. 소실된 정전에서는 내후년 완성을 목표로 붉은 기와를 얹고, 외벽을 칠하는 등 작업이 진행되고 있습니다.""",,슈리성,,,,
도쿄,하,빈칸에 공통으로 들어갈 제도의 명칭을 쓰시오.,"""(     )는 다이묘들이 자신의 영지와 에도에 1년마다 교대로 거주하게 한 제도이다. 이 과정에서 비용이 많이 들었기 때문에 (     )는 다이묘들에게 경제적으로 부담이 되었으나, 에도를 중심으로 도시화가 가속되고 도로망이 정비되었다.""",,산킨코타이,,,,
도쿄,중,다음 중 에도 막부 말에 도쿄에서 발생한 사건으로 옳은 것을 고르시오.,,,④ 존왕양이파에 의한 이이 나오스케 암살,① 미일화친조약의 체결,② 에노모토 타케아키에 의한 에조 공화국 수립,③ 메이지 덴노의 즉위,④ 존왕양이파에 의한 이이 나오스케 암살
오사카,하,다음은 오사카에 대한 설명이다. 옳지 않은 설명을 한 사람을 고르시오.,,,① 한빛: 오늘날 오사카시는 일본 도시 중에서 인구가 두 번째로 많아.,① 한빛: 오늘날 오사카시는 일본 도시 중에서 인구가 두 번째로 많아.,② 연진: 고대에는 짧게나마 수도의 역할을 하기도 했어.,③ 민혁: 오사카 성에서 도요토미 히데요리군과 도쿠가와 이에야스군의 전투가 있었어.,"④ 지현: 오사카 성은 2차 세계 대전 때, 미군의 공습으로 불타기도 했어."
오사카,중,다음은 오사카 만국박람회에 대한 내용이다. 오사카 만국박람회 이후 일어난 사건으로 옳은 것을 고르시오.,"""고도성장기, 일본 오사카에서는 ‘인류의 진보와 조화’를 슬로건으로 내건 오사카 만국박람회가 개최되었다. 안보투쟁으로 상징되던 ‘정치의 계절’을 최종적으로 종식시키는 의례와도 같았던 이 행사는 도쿄 올림픽과 더불어 2차 세계 대전의 패전국인 일본이 선진국 대열에 진입하였음을 보여주었다.""",,③ 다나카 가쿠에이 내각 출범,① 한국과의 국교 정상화,② 세계 최초의 고속열차인 신칸센 노선 개통,③ 다나카 가쿠에이 내각 출범,④ 일본의 세계 GDP 2위 선정
뉴델리,하,빈칸에 들어갈 인물을 쓰시오.,"""『세계사 편력』의 저자로 유명한 (     )는 1938년~1940년간에 국가기획위원회의 의장을 지냈고, 그 후 인도 수상이 되어 인도 개혁을 진행했다.""",,자와할랄 네루,,,,
뉴델리,중,빈칸에 공통으로 들어갈 종교의 이름을 쓰시오.,"""1984년 6월 (     )의 성지인 암리차르 황금사원이 인도 수상이었던 인디라 간디의 명령으로 진행된 ‘블루스타 작전’으로 파괴되자 전 세계의 교도들이 반발했고, 그해 10월 인디라 간디는 자신의 (     ) 신자 경호원들에게 살해당했다.""",,시크교,,,,
앙코르,하,빈칸에 들어갈 건축물의 이름을 쓰시오.,"""사원의 도시’라는 이름을 지닌 (     )는 수비야바르만 2세의 사후 세계를 위한 공간으로 지은 건축물이다. 중앙의 5개의 탑과 사원의 담 모서리에 있는 4개의 탑은 전부 금으로 장식되어있었다고 하며, 중앙탑에는 수리야바르만 2세가 죽은 뒤에 합일한 비슈누 신의 상이 서쪽을 향한 채 모셔져 있다.""",,앙코르와트,,,,
앙코르,중,빈칸에 공통으로 들어갈 유적지의 이름을 쓰시오.,"""‘위대한 도시’ 또는 ‘큰 도시’라는 뜻을 가진 (     )은 왕의 거처를 포함하는 성곽 도시이다. 1177년 참파군의 공격을 받아 왕이 죽고 수도가 파괴되었는데, 한 왕자가 참파군을 물리치고 즉위하니 그가 바로 자야바르만 7세이다. (     )은 자야바르만 7세 재위 시기에 건설되었다.""",,앙코르 톰,,,,
카트만두,하,빈칸에 들어갈 인물을 쓰시오.,"""(     )은 대승불교를 받아들여 이 새로운 불교를 널리 전파하는데 공헌하였다. 그는 포교단을 조직하여 중앙아시아, 중국, 티베트 등에 파견하여 불교를 아시아의 대표적인 종교로 만드는 데 중대한 역할을 하였다.""",,카니슈카왕,,,,
카트만두,중,빈칸에 공통으로 들어갈 용어를 쓰시오.,"""(     )왕국은 히말라야 서부 산록지대에 존재했던 소왕국 중 하나였다. 나라얀 샤의 즉위 이후 정복전쟁을 벌여 카트만두 분지를 차지했고 수도를 카트만두로 옮기면서 통일 네팔왕국이 시작되었다. 지금의 (     )는 왕국 이름보다는 인도 북부와 네팔에서 온 군인들을 부르는 명칭으로 더 유명한데 이들은 1차, 2차 세계대전 때 영국군에 용병으로 투입되어 활약했다.""",,구르카,,,,
콜카타,하,빈칸에 들어갈 인물을 쓰시오.,"""마우리아 제국의 건설자인 (     )는 알렉산더 왕의 부하였던 셀레우코스를 물리친 후 인더스 강과 갠지스 강 유역의 평야지대를 장악하여 인도 북부 지역에 대제국을 건설하였다.""",,찬드라굽타,,,,
콜카타,중,빈칸에 들어갈 전쟁의 명칭을 쓰시오.,"""클라이브는 시라즈 웃 다울라 대신 미르 자파르를 벵골 토후로 임명하려는 음모를 꾸몄고, 이에 격분한 시라즈는 소수의 프랑스군과 합세하여 (     )을 일으켰다. 그러나 영국군의 승리로 프랑스 세력은 인도에서 쇠퇴했고 영국이 벵골을 장악하게 되었다.""",,플라시 전쟁,,,,
하노이,하,빈칸에 들어갈 단체의 이름을 쓰시오.,"""북베트남과 연계를 하고 있었고, 응오딤지엠의 사이공 정권에 반발했던 남베트남민족해방전선 일명 (     )이 자신들의 근거지였던 코친차이나의 해방을 주장하며 사이공 정권에 선전포고를 했다. 이 집단과 사이공 정권의 내전이 바로 제2차 인도차이나전쟁이었고 여기에 미국, 한국, 중국, 소련 등의 자본주의와 공산주의 양 진영의 군대가 합세하였다.""",,베트콩,,,,
하노이,중,빈칸에 들어갈 인물을 쓰시오.,"""(     )은 자신의 남편이 중국인 관리에게 해를 입자 자신의 여동생과 함께 군사를 일으켰다. 중국인의 지배에 대한 저항은 3년 동안 지속되었다가 북방 민족과의 전투에서 명성을 얻은 마원에 의해 토벌되었다.""",,징측(쯩짝),,,,
가오,하,빈칸에 들어갈 사막의 이름을 쓰시오.,"""(     ) 횡단 교역에서 서아프리카 지역의 주요 무역품은 철과 석유였다.""",,사하라,,,,
가오,중,"다음 설명이 옳으면 O, 틀리면 X를 쓰시오.","""서아프리카의 팀북투 유적은 노예무역의 중심 항구였다.""",,X,,,,
뉴욕,하,다음 사건이 일어난 날짜를 적으시오.,"""2001년 일어난 테러 사건으로, 뉴욕의 세계 무역 센터와 워싱턴 국방부 건물인 펜타곤에 항공기가 잇따라 충돌하여 많은 피해가 발생했다.""",,9월 11일,,,,
뉴욕,중,빈칸에 들어갈 알맞은 단어를 쓰시오.,"""1991년 3월 3일, 흑인 로드니 킹이 과속운전 및 음주운전 혐의로 검문에 걸려 도주를 했다가 백인 경찰에 의해 집단적인 구타를 당했고, 그 결과 청각 장애인이 되었다. 1992년 4월 29일, 현장을 직접 녹화한 비디오 등 명백한 증거가 존재함에도 흑인 운전자 로드니 킹을 무차별 구타한 혐의로 기소된 백인 경관 4명에게 무죄 판결이 내려졌다. 이에 대한 흑인사회의 분노는 폭동으로 번졌다. 4월 29일부터 5월 4일까지 이어진 (     )는 한인 타운에 막대한 피해를 입혀, 사망 53명, 부상 4,000명, 검거 1만 8,000명, 재산피해는 7억 5,000만 달러를 넘겼다.""",,LA 폭동,,,,
델포이,하,빈칸에 공통으로 들어갈 용어를 쓰시오.,"""많은 촌락들의 결속이 완전한 (     )이므로, 말하자면 충분한 자급자족의 목표를 가지는 것이니, 애초 생활을 위해서 만들어졌으나 이제는 좋은 생활을 위하여 존재한다. ··· 한편 자급자족은 목표이면서 동시에 최고선이다. 참으로 이것들로부터 분명해지는 것은 (     )야말로 촌락들의 본성에 따른 것이며 사람은 본성상 (     )에 관련된 동물이라는 점이며, (     )가 없는 자는 본성으로 인해서 그러나 우연이 아니게도, 분명히 저급하거나 아니면 인간보다 더 뛰어난 존재이다.""","아리스토텔레스, 『정치학』",폴리스,,,,
델포이,중,빈칸에 들어갈 단어를 쓰시오.,"""폴리스들은 델피의 아폴로 신전을 중심으로 (     )을 맺고, 기타 정치적・군사적 동맹을 맺기도 하였다.""",,"인보동맹(Amphictyony, 암픽티오니)",,,,
런던,하,다음 조항이 포함된 문서의 이름을 쓰시오.,"""성직귀족과 세속귀족과 서민 각 계급을 합법적으로, 완전히, 자유롭게 대변하는 의원들은 ··· 월리엄 3세 폐하와 메리 2세 폐하가 친히 참여하신 가운데 웨스트민스터에 모여 아래와 같이 서면으로써 합동 결의하였으니, ··· 의회의 동의 없이 자의적으로 법률 및 법률 집행을 정지하는 권한은 위법이며, ··· 모든 요구 사항을 처리하고 법률을 수정 보강 유지하기 위해 의회는 자주 소집되어야 한다.""",,권리장전,,,,
런던,중,빈칸에 들어갈 인물의 이름을 쓰시오.,"""18세기 프랑스에서 활동한 볼테르, 루소 등의 사상가는 절대주의를 비판하고 이성 중심의 사고를 강조하였다. 특히 (     )의 『법의 정신』은 권력의 분립과 견제를 통해 시민의 자유를 보장해야 한다는 주장을 담고 있으며, 이는 훗날 미국 헌법과 프랑스 인권선언에도 영향을 주었다.""",,몽테스키외,,,,
로마,하,"다음 설명이 옳으면 O, 틀리면 X를 쓰시오.","""로마의 민회 중 가장 오래된 민회는 켄투리아 민회이다.""",,X,,,,
로마,중,빈칸에 들어갈 단어를 쓰시오.,"""1922년 10월 무솔리니의 주도로 파시스트는 군대와 경찰의 묵인 하에 이른바 ‘(     )’을 감행하였고, 이에 국왕 비토리오 에마누엘레 3세는 무솔리니에게 총리직으로 취임하여 내각을 구성할 것을 요청하였다.""",,로마 진군,,,,
리우데자네이루,하,"다음 설명이 옳으면 O, 틀리면 X를 쓰시오.","""프랑스 혁명과 나폴레옹 전쟁으로 본국의 간섭이 약해지자 라틴 아메리카 각지에서 독립운동이 시작되었다. 1820년 브라질도 페드루 1세가 에스파냐로부터 독립하였다.""",,X,,,,
리우데자네이루,중,빈칸에 들어갈 단어를 쓰시오.,"""나폴레옹 시대 이후에 라틴 아메리카 국가들은 미국, 프랑스 독립의 영향으로 저마다 독립운동을 전개하였다. 에스파냐 식민지였던 볼리비아, 아르헨티나, 포르투갈 식민지였던 브라질 등이 독립을 선언하였다. 이에 빈 체제는 독립을 위배라고 보고 이를 탄압하려 하였으나, 영국은 라틴 아메리카의 식민지가 독립할 수 있도록 간섭을 반대하였다. 영국의 태도에 힘입은 미국 대통령은 1823년 유럽 열강이 아메리카 대륙에 대한 간섭을 배제하기 위해 (     )를 선언했다.""",,먼로주의,,,,
메카,하,다음 글에서 알 수 있는 종파의 이름을 쓰시오.,"""이슬람교의 종파 중 하나로 개인의 이성과 유추를 통한 깨달음을 중시하였고, 반드시 무함마드의 사촌형제이자 사위였던 알리 이븐 아비 탈리브의 후계자들이 칼리파가 되어야 한다고 주장하였다. 현재 이란과 아제르바이잔 등지에서 보편적으로 믿고 있다.""",,시아파,,,,
메카,중,빈칸에 들어갈 단어를 쓰시오.,"""이슬람의 예언자 무함마드는 우상 숭배를 배격하고 유일신 알라만을 섬기며, 모든 사람은 신 앞에 평등함을 주장하는 종교 이슬람교를 포교하여 민중의 지지를 얻었다. 그러나 당대 메카인들은 이를 탄압하였고, 622년 무함마드는 박해를 피해 메카를 떠나 (     )로 이주하였다. 이 사건을 헤지라라 하며, 이 사건 도중 떠 있던 초승달과 별은 이후 우상 숭배를 금하는 이슬람의 상징이 되었다.""",,메디나,,,,
멤피스,하,빈칸에 들어갈 단어를 쓰시오.,"""(     )는 고대 이집트의 최고 통치자이자, 당대 이집트인에게 태양신 라의 아들이자 살아 있는 신으로서 믿어지고 추앙받았던 존재이다.""",,파라오,,,,
멤피스,중,빈칸에 들어갈 신전의 이름을 쓰시오.,"""(     )은 이집트 신왕국 제19왕조의 파라오 람세스 2세에 의해 건설된 신전 중 하나로, 거대한 암벽을 통채로 깎아 만들었으며, 입구에 거대한 좌상 4개가 나란히 앉아 있는 것으로 유명하다.""",,아부심벨 신전,,,,
바티칸,하,빈칸에 들어갈 단어를 쓰시오.,"""비잔틴제국의 황제는 절대적인 지배자였다. ··· 그는 관리나 군대를 지배하는 한편, 종교에서도 콘스탄티노플의 수좌대주교의 임명권을 비롯하여 종교회의의 소집과 회의내용에 대한 결정권 등을 갖고 있었다. 그리스정교로 불리워지는 비잔틴의 그리스도교 교회는 이와 같이 서방과는 달리 황제의 통제 하에 있었기 때문에 (     )(이)라고도 부른다.""",,황제교황주의,,,,
바티칸,중,다음의 내용을 포함하고 있는 조약의 명칭을 쓰시오.,"""● 교황은 이탈리아왕국을 승인하고 과거의 교회령(교황령)을 포기한다.--------● 이탈리아 정부는 바티칸 도시국가의 완전독립을 승인한다.----------------● 이탈리아 정부는 가톨릭을 국교로 인정한다.""",,라테란 조약,,,,
베네치아,하,빈칸에 들어갈 단어를 쓰시오.,"""수공업자조합에 가입할 수 있는 것은 독립된 일터와 가게를 가진 장인으로서, 그는 각각 한 두 사람의 직인과 (     )을 거느렸다. 직인은 기능공으로서, 독립할 단계에 이르면 작품을 조합에 제시하고, 인정을 받으면 독립된 장인이 된다. (     )는 나이 어린 일종의 수련공으로서 장인과 침식을 같이하며 일을 배운다. 대체로 7년 정도가 지나면 직인이 되어 장인으로부터 급료를 받으며 본격적인 기술을 연마한다.""",,도제,,,,
베네치아,중,빈칸에 들어갈 교황의 이름을 쓰시오.,"""(     )가 제4차 십자군을 제창하였으나 국왕들은 호응하지 않았고, 플랑드르의 백작 보두앵을 비롯한 북프랑스 기사들이 호응하여 참전하였다. 이때 베네치아 상인들이 식량 보급 및 수송을 담당했는데, 이들은 그 대가로 자라 정복을 요구하였다.""",,인노켄티우스 3세,,,,
베를린,하,다음 글에서 알 수 있는 인물의 이름을 쓰시오.,"""19세기 중엽 독일 통일을 주도한 프로이센의 수상으로, 철혈 정책을 내세워 오스트리아 및 프랑스와의 전쟁에서 승리하고 독일 제국을 수립하였다.""",,오토 폰 비스마르크,,,,
베를린,중,다음 사건들이 발생한 순서대로 나열하시오.,"""㉠ 보름스 협약
㉡ 클레르몽 공의회
㉢ 콘스탄츠 공의회
㉣ 카노사의 굴욕""",,㉣ - ㉡ - ㉠ - ㉢,,,,
보스턴,하,빈칸에 들어갈 단어를 쓰시오.,"""영국은 7년 전쟁 이후 재정 부담이 커지자 식민지로부터 세금을 거두어 군사비와 행정 비용을 충당하였다. 이에 식민지인은 저항하자 영국은 차세를 제외한 다른 세금을 폐지하였다. 이 상황에서 영국 정부가 영국 (     )에 차를 식민지에서 독점으로 판매할 권리를 주자, 식민지인은 보스턴 항에 차가 있는 선박을 바다에 던졌다.""",,동인도 회사,,,,
보스턴,중,빈칸에 들어갈 전쟁의 이름을 쓰시오.,"""영국은 (     ) 이후 전쟁 비용을 메꾸기 위해 중상주의 정책을 강화하였다. 영국이 인지세를 비롯한 각종 세금을 부과하자, 분노한 식민지인들은 ‘대표 없는 곳에 과세할 수 없다’라고 주장하며 납세 거부 운동을 전개하였다. 영국이 식민지에 많은 양의 차를 강제로 구매하게 하자, 식민지인들은 저항하고자 항구 선박에 실린 차 상자를 바다에 던졌다.""",,7년 전쟁,,,,
브뤼셀,하,"다음 설명이 옳으면 O, 틀리면 X를 쓰시오.","""유럽 연합을 탄생시킨 조약의 이름은 마스트리흐트 조약이다.""",,O,,,,
브뤼셀,중,빈칸에 공통으로 들어갈 국가의 명칭을 쓰시오.,"""7월혁명의 영향은 곧 유럽대륙 전역에 파급되었다. 파리에서 혁명이 발생한지 한 달 채 못된 8월 25일 벨기에의 브뤼셀에서 독립을 위한 자유주의혁명이 일어났다. 벨기에는 빈 회의에서 프랑스에 대한 견제세력으로 (     )을/를 강화해야겠다는 의도에서 이에 병합되었다. ··· 언어와 관습이 다르고, 가톨릭이 우세한 벨기에로서는 (     )의 정치적 지배는 큰 불만이었고, 그리하여 독립을 원하는 민족주의가 싹트게 되었다.""",,네덜란드,,,,
빈,하,"다음 설명이 옳으면 O, 틀리면 X를 쓰시오.","""요제프 2세는 농노를 해방시키는 개혁을 추진하였다.""",,O,,,,
빈,중,다음 내용을 규정한 회의를 주도한 인물을 쓰시오.,"""● 러시아는 폴란드 바르샤바 대공국 대부분을 차지하며 핀란드도 계속 보유한다. 그리고 오스만제국 베사라비아의 영유권도 갖는다.---------------------------● 옛 신성로마제국의 제후국들을 정리하여 38개의 영방국가를 모아 독일 연방을 창설한다. 연방 의장은 오스트리아 황제가 맡는다.""",,메테르니히,,,,
상트페테르부르크,하,"스웨덴과 전쟁을 벌여 발트해에 진출하고, 상트페테르부르크를 건설하여 천도한 러시아 차르의 이름을 쓰시오.",,,표트르 1세,,,,
상트페테르부르크,중,빈칸에 들어갈 말을 쓰시오.,"""러시아의 도시 상트페테르부르크는 근대에 이름이 여러 차례 바뀌었다. 1차 세계대전 이후 독일식 이름인 상트페테르부르크에서 부르크를 빼고 러시아어에서 도시를 뜻하는 단어를 넣어 (     )로 바뀌었다. 1924년에는 레닌의 죽음을 기리며 레닌그라드로 이름을 바꾸었다.""",,페트로그라드,,,,
니스,하,"다음 설명이 옳으면 O, 틀리면 X를 표시하시오.","""부패 선거구는 산업 혁명으로 인한 인구 이동 문제로 인구가 없어진 선거구를 포함한다.""",,O,,,,
니스,중,빈칸에 들어갈 인물과 세력의 이름을 쓰시오.,"""프랑스 혁명 이후 형성된 좌파와 우파의 개념은 의회 내에서 왕권을 어디까지 인정할 것인가에 따라 갈라졌다. 당시 입헌군주제를 지지한 온건파와 반대로 ( ㉠ )을 중심으로 공화정을 주장하며 급진적 개혁을 추구한 세력은 ( ㉡ )이며, 이들의 이름은 그들의 본거지였던 수도원의 이름에서 유래되었다.""",,"㉠: 막시밀리앙 드 로베스피에르, ㉡: 자코뱅파(Société des Jacobins)",,,,
아바나,하,다음에서 설명하는 사건을 쓰시오.,"""냉전 시기에 미국과 소련은 서로 우위를 확보하기 위해 경쟁적으로 군비를 확장하고 핵무기를 개발하였다. 이 시기에 소련은 쿠바에 미사일 기지를 건설하려 하자, 미국은 이를 자국에 대한 직접적인 위협이라고 판단하여 쿠바 해상을 봉쇄하였다.""",,쿠바 미사일 위기,,,,
아바나,중,빈칸에 들어갈 말을 쓰시오.,"""1950년대와 1960년대 초반의 분위기는 심상치 않았다. 흥미롭게도 변화의 시작은 냉전의 중심부가 아니라 주변부였다. 나중에 중심부까지 집어삼킬 거대한 소용돌이가 변방인 ‘제3세계’에서 시작되고 있었다. 베트남 전쟁, 알제리 전쟁 및 독립과 더불어 1959년 쿠바에서 발생한 (     ) 등이 그것이다.""",,쿠바 혁명,,,,
아비뇽,하,빈칸에 들어갈 단어를 쓰시오.,"""교황청은 다시 로마로 돌아가고 다음 해 로마시민들의 압력으로 이탈리아 출신의 교황 우르바노 6세가 추기경 회의에서 선출되었다. 그러나 추기경들은 곧 그와 대립하게 되어 새로이 프랑스인 교황 클레멘스 7세를 선출하고, 클레멘스 7세는 아비뇽으로 교황청을 옮겼다. 이리하여 교황청은 로마와 아비뇽으로 갈라지고, 이른바 (     )으로 알려진 기독교 세계의 양분 현상이 일어나게 되었다.""",,교회 대분열,,,,
아비뇽,중,아비뇽 유수라는 이름의 유래가 된 사건을 고르시오.,,,④ 바빌론 유수,① 로마 유수,② 예루살렘 유수,③ 이집트 유수,④ 바빌론 유수
아헨,하,"다음 설명이 옳으면 O, 틀리면 X를 쓰시오.","""오스트리아 왕위계승전쟁 당시 프랑스는 프로이센과 동맹관계를 맺었다.""",,X,,,,
아헨,중,빈칸에 들어갈 인물을 쓰시오.,"""카롤루스 대제 사후 프랑크 왕국은 내분이 일어나 서프랑크, 중프랑크, 동프랑크로 분열되었다. 이중 동프랑크에서는 (     )가 마자르족과 슬라브족의 침입을 막고 이탈리아 내란을 진압하여 교황으로부터 로마 황제의 관을 받았다.""",,오토 1세,,,,
악숨,하,"다음 설명이 옳으면 O, 틀리면 X를 쓰시오.","""악숨 왕국은 동아프리카에 있었으며, 4세기경 기독교를 받아들인 고대 아프리카의 국가이다.""",,O,,,,
악숨,중,빈칸에 공통으로 들어갈 국가의 이름을 쓰시오.,"""1895년 이탈리아 왕국은 당시 아프리카에 얼마 남지 않은 독립 국가였던 (     )를 식민지화하기 위해 (     )를 침공하였다. 그러나 (     )는 일찍이 신식 군대를 양성해 제국주의 열강의 침공에 대비하였고, 이탈리아 왕국의 확장세를 경계한 프랑스와 러시아의 지원을 받아 이탈리아의 공격을 격퇴하였다. 이로 인해 (     )는 동아프리카 유일의 독립 국가로 남을 수 있게 되었다.""",,에티오피아,,,,
에든버러,하,종교개혁의 영향을 받아 스코틀랜드에서 생겨난 기독교 교파의 이름을 쓰시오.,,,스코틀랜드 장로회,,,,
에든버러,중,빈칸에 들어갈 왕의 이름을 순서대로 쓰시오.,"""엘리자베스 1세로서 튜더 왕조가 단절되고, 메리 스튜어트의 아들인 스코틀랜드 왕 (     )가 영국 왕 (     )로 즉위하자 절대왕권과 의회 및 국민과의 원만한 관계는 사라지게 되었다. 그는 영국왕이 되기 전에 왕권신수설을 주장하였고, 영국 사정에 어두운 그는 영국왕이 되자 이를 실천에 옮기려고 하였다.""",,"제임스 6세, 제임스 1세",,,,
예루살렘,하,다음 중 예루살렘을 성지로 삼는 종교를 2개 고르시오.,,,"① 이슬람교, ④ 유대교",① 이슬람교,② 조로아스터교,③ 자이나교,④ 유대교
예루살렘,중,빈칸에 들어갈 전쟁의 이름을 쓰시오.,"""11세기 후반 셀주크 튀르크가 세력을 확대하면서 위기를 맞은 비잔티움 제국은 로마 교황에게 도움을 요청하였다. 이에 교황 우르바누스 2세가 성지 회복과 가톨릭 교황권의 확대를 목표로 성지 예루살렘을 수복할 것을 호소하였고, 수많은 그리스도교도들이 이에 동참하면서 십자군 원정이 시작되었다. 여러 차례의 십자군 원정 중, 제(     )차 십자군 원정은 프리드리히 2세에 의한 이슬람 세력과의 교섭으로 그리스도교 세력이 예루살렘 일부의 통치권을 양도받는 결과를 낳았다.""",,6,,,,
울룬디,하,빈칸에 들어갈 민족의 이름을 쓰시오.,"""(     )은 남아프리카의 토착 민족으로, 19세기 초 샤카를 중심으로 왕국을 건설하여 주변 민족들을 정복하면서 영토를 확장했으며, 아프리카에 영향력을 확장하려던 영국, 네덜란드와 군사적으로 대립하였으며, 19세기 후반 영국에 패배해 남아프리카 연방에 편입되었다.""",,줄루족,,,,
울룬디,중,빈칸에 공통으로 들어갈 말을 쓰시오.,"""(     )는 분리, 격리를 뜻하는 아프리칸스어로, 남아프리카 공화국에서 실시되었던 인종차별 정책이다. (     )에 의하여 흑인들은 대도시 중심부에 거주할 수 없는 것은 물론, 출입에도 허가증이 필요하였으며, 텔레비전 채널조차 인종에 따라 분리되어 방송하였다. 이에 흑인들은 부족 간의 갈등을 뒤로 하고 연합해 저항하였고, 결국 (     )는 넬슨 만델라의 대통령 당선과 함께 막을 내렸다.""",,아파르트헤이트,,,,
워싱턴 D.C.,하,빈칸에 들어갈 인물을 쓰시오.,"""1950년대 미국에서는 흑인에 대한 차별과 억압을 거부하는 민권 운동이 시작되었다. (     )는 1963년 8월 28일 미국 워싱턴 D.C. 링컨 기념관에서 “I Have a Dream”이라는 주제로 연설을 하였는데, 이 연설은 미국에서 인종차별을 없애고, 모든 사람이 평등하게 대우를 받을 수 있도록 하자는 내용이다.""",,마틴 루터 킹 주니어,,,,
워싱턴 D.C.,중,빈칸에 들어갈 체제의 명칭을 쓰시오.,"""제2차 세계대전 이후 경제적 발전을 계속해 온 미국과 유럽은 1970년대에 접어들면서 스태그플레이션 (stagflation) 상태로 들어갔다. 그 원인은 크게 두 가지로 볼 수 있다. 첫째, 1971년 8월이 되어 1944년 이래 서방 경제를 지탱해 왔던 (     )가 붕괴되면서 세계 경제가 불안 정해졌기 때문이다. 그로 인해 주요 통화들이 가치의 등락을 거듭하며 통화 체계의 위기가 발생하였다.""",,브레턴우즈 체제,,,,
음반자콩구,하,"다음 설명이 옳으면 O, 틀리면 X를 쓰시오.","""앙골라는 포르투갈의 식민지였다.""",,O,,,,
음반자콩구,중,빈칸에 들어갈 알맞은 단어를 쓰시오.,"""1884년 독일의 주도로 열린 (     )의 결과로 아프리카가 분할되었으며, 오늘날의 콩고민주공화국 지역이 벨기에 국왕 레오폴드 2세의 사유지로 인정되었다. 벨기에는 해당 지역에 괴뢰국가 콩고 독립국을 설립하고, 해당 지역에서 생산되는 고무와 카카오를 얻기 위해 원주민들을 가혹하게 착취하였다.""",,베를린 회의,,,,
이스탄불,하,제4차 십자군 전쟁 과정에서 십자군이 동로마 제국을 일시적으로 공략하여 세운 국가의 이름을 쓰시오.,,,라틴 제국,,,,
이스탄불,중,다음에서 설명하는 법을 쓰시오.,"""그들은 귀족의 영향력을 떨어뜨리는 반면 평민의 이익을 드높이는 조치들만 제안하였다. 이 조치들 가운데 하나는 부채 문제와 관련이 있었는데, 이자로 지불된 금액이 원금에서 공제되어야 하며 차액은 3회 분납으로 청산하는 방법을 제시하였다.두 번째 조치는 공유 토지에 제한을 가하여, 어떤 사람도 500 유게라가 넘게 보유하는 것을 금지하였다.세 번째는 콘술 권한을 가진 천부장 선거를 없애고, 콘술 중에 한 사람은 어떻게 하든 평민 중에서 선출되게 한 규정이었다.""","리비우스, 『로마사』",리키니우스-섹스티우스법,,,,
제네바,하,빈칸에 들어갈 인물을 쓰시오.,"""(     )은 제네바에서 종교개혁을 단행하고 성공시킨 인물로, 죽을 때까지 제네바를 종교적으로 지배하였다. 그의 교리 중 구원은 예정되어 있다는 예정설이 부각되었고, 이로 인해 근면한 직업노동과 금욕적인 생활이 강조되었다.""",,칼뱅,,,,
제네바,중,빈칸에 공통으로 들어갈 용어를 쓰시오.,"""(     )의 규약 초안에서는 아메리카 문제와 유럽 문제, 아시아 문제와 아프리카 문제 모두가 (     )의 통제와 관할 아래 놓입니다. ··· 나는 미래의 평화를 위해 영국 제국의 자치령과 식민지, 발칸반도의 국가들, 중국이나 일본 또는 아프리카의 프랑스・이탈리아・포르투갈 식민지들의 영토를 미국인들이 보장해 줄 시점이 아직 안 되었다고 말하는 것은 아닙니다. 하지만 나는 이것이 아주 심각하고 아주 위험한 약속이라는 점을 알리고자 합니다.""",『상원의원 헨리 로지의 의회 연설』 1919년 2월 28일,국제연맹,,,,
카르타고,하,다음 글에서 알 수 있는 민족의 이름을 쓰시오.,"""1. 시돈, 티레 등의 도시를 건설하여 기반으로 삼았다.----------2. 기원전 9세기경 지중해 교역과 식민활동을 바탕으로 크게 융성하였다.----------3. 히브리 문자, 그리스 문자, 라틴 문자 등의 기원이 되는 표음문자를 사용하였다.""",,페니키아,,,,
카르타고,중,빈칸에 들어갈 전투의 이름을 쓰시오.,"""기원전 219년 한니발이 히스파니아 사군툼을 공격하자, 로마가 선전포고하며 전쟁이 시작되었다. 티키누스 호수 전투, 트레비아강 전투에서 로마는 연달아 패배하였고, 기원전 216년 (     )에서 대패하며 한니발은 남부 이탈리아에 주둔할 수 있었다.""",,칸나이 전투,,,,
캔버라,하,"다음 빈칸 ㉠, ㉡에 들어갈 단어를 쓰시오.","""( ㉠ )와 ( ㉡ )은 전통적으로 호주 내 경쟁 관계이다. 1908년 호주 연방이 수도를 정할 때 ( ㉡ )이 있는 빅토리아주와 ( ㉠ )가 있는 NSW주가 수도를 넣고 서로 경쟁하다 두 도시의 중간 지역을 수도로 정하기로 타협하면서 내륙의 작은 도시 캔버라가 수도가 되었다.""",,㉠: 시드니 ㉡: 멜버른,,,,
캔버라,중,빈칸에 들어갈 단어를 쓰시오.,"""나폴레옹 시대 이후에 라틴 아메리카 국가들은 미국, 프랑스 독립의 영향으로 저마다 독립운동을 전개하였다. 에스파냐 식민지였던 볼리비아, 아르헨티나, 포르투갈 식민지였던 브라질 등이 독립을 선언하였다. 이에 빈 체제는 독립을 위배라고 보고 이를 탄압하려 하였으나, 영국은 라틴 아메리카의 식민지가 독립할 수 있도록 간섭을 반대하였다. 영국의 태도에 힘입은 미국 대통령은 1823년 유럽 열강이 아메리카 대륙에 대한 간섭을 배제하기 위해 (     )를 선언했다.""",,먼로주의,,,,
쿠스코,하,빈칸에 공통으로 들어갈 단어를 쓰시오.,"""(     ) 문명은 쿠스코에서 12세기 말 발달하였다. (     )인들은 비탈에 계단식 밭을 만들고 관개 수로를 이용해 농업을 발전시켰다. 건축 기술도 발달하여 도로망을 건설하고 쿠스코 태양 신전 같은 건축물을 남겼다.""",,잉카,,,,
쿠스코,중,빈칸에 들어갈 인물의 이름을 쓰시오.,"""프란시스코 피사로는 1478년 출신으로 이탈리아 전쟁에 참여하여 용병으로 활동하였다. 이후 집안 사정이 좋지 않자 고향을 떠났다. 1521년 코르테스가 아스테카 문명을 정복했다는 소식을 듣고 동료와 함께 아메리카로 떠나 1532년에 잉카 황제 (     )를 포로로 잡고, 수도였던 쿠스코를 점령하였다.""",,아타우알파,,,,
키이우,하,빈칸에 들어갈 말을 쓰시오.,"""후쿠시마 원자력 발전소와 더불어 (     )에서는 원전 사고 7등급 사고가 발생하였다. 이 사고를 진압하기 위해 소련 정부는 1년치 예산을 전부 소진하였다.""",,체르노빌,,,,
키이우,중,빈칸에 들어갈 민족의 명칭을 쓰시오.,"""스웨덴의 노르만은 슬라브족의 땅으로 진출하였다. 9세기 중엽에는 노브고로드에 기지를 설치하고, 다시 남쪽으로 진출하여 드네프르 강변의 키이우에 정착하였다. 그들은 일명 (     )족으로도 알려졌으며, 여기저기에 요새화한 기지를 마련하여 주변의 농촌주민을 정복하였다.""",,바랑고이,,,,
테노치티틀란,하,빈칸에 들어갈 단어를 쓰시오.,"""(     ) 문명인들은 테노치티틀란에 도읍을 세우고 신권 정치로 지배하였다. ‘신이 머무는 곳’이라는 뜻을 가진 테노치티틀란은 긴 대로와 십자형 수로로 구획된 계획도시였으며, 인구 30만여 명이 거주하는 거대한 도시였다.""",,아스테카,,,,
테노치티틀란,중,"다음 설명이 옳으면 O, 틀리면 X를 쓰시오.","""쿠스코는 아스테카 제국과 동맹을 맺은 후 방심한 틈에 공격하였다.""",,X,,,,
톨레도,하,빈칸에 들어갈 단어를 쓰시오.,"""14-16세기 서유럽에서는 그리스・로마 고전 문화의 부흥을 통해 인간 중심의 문화를 창출하려는 르네상스가 일어났다. 르네상스는 이탈리아에서 시작되었고, 16세기 이후 북유럽 지역으로 확산되었다. 16세기 이후 르네상스를 이끈 인문주의자들은 현실 사회와 교회를 비판하는 등 개혁적 성향이 강하였다. 이 시기에 쓰인 (     ) 또한 톨레도 지역을 주요 무대로 설정하여 몰락한 기사 계급의 현실을 풍자한 소설로 유명하다.""",,돈키호테,,,,
톨레도,중,빈칸에 공통으로 들어갈 인물을 쓰시오.,"""카스티야의 (     )가 아라곤의 페르디난도와 결혼한 후 두 사람이 잇따라 왕위에 오름으로써 통합된 에스파냐왕국이 탄생하게 되었다. (     )는 콜럼버스의 대륙 탐험에 지원하기도 했다.""",,이사벨 1세,,,,
파리,하,"다음 설명이 옳으면 O, 틀리면 X를 쓰시오.","""제1차 세계대전의 종전 조약인 베르사유 조약은 패전국인 독일과 오스트리아의 전후 처리를 위해 체결되었다.""",,X,,,,
파리,중,빈칸에 공통으로 들어갈 단어를 쓰시오.,"""마르크스는 (     )을 최초의 노동자계급에 의한 정권장악이라고 규정하고 레닌은 이로부터 많은 교훈을 얻었다. 확실히 (     )은 노동자를 기반으로 한 노동자의 사회적 해방의 성격을 부분적으로 지니고 있기는 하나 소시민층을 무시할 수 없고 담당자는 노동자계급의 대변자라기보다는 상퀼로트적이고 급진적인 자코뱅주의자들이었으며 ···.""",,파리코뮌,,,,
페르세폴리스,하,다음 글에서 알 수 있는 종교의 이름을 쓰시오.,"""1. 자라투스트라에 의해 창시되었다.----------2. 창조신 아후라마즈다를 섬기며, 최후의 날에 빛이 어둠을 이기고 승리할 것임을 믿었다.----------3. 선한 원리에 따라 생활하면 내세에서 보상을 받을 것임을 믿었다.----------4. 이 종교의 최후 심판론과 낙원론은 훗날 유대교에 영향을 주었다.""",,조로아스터교,,,,
페르세폴리스,중,빈칸에 들어갈 단어를 쓰시오.,"""마르잔 사트라피의 만화 『페르세폴리스』는 ( ㉠ ) 당시 작가의 경험을 담은 자전적 작품이다. 주인공은 공산주의자 및 반대파를 탄압하고 국가를 강압적으로 통치하는 ( ㉡ )에 대한 비판적인 생각을 품게 된다. 그러나 1979년, ( ㉠ )으로 ( ㉡ )이/가 무너지고 이슬람 지도자가 최고 권력을 가지는 이란 이슬람 공화국이 수립된 후 여성 인권이 후퇴하고 오히려 정치적 탄압을 강화하자, 주인공은 이란을 떠나 유럽으로 망명하게 된다.""",,"㉠: 이란 혁명, ㉡: 팔레비 왕조",,,,
,상,빈칸에 들어갈 인물의 이름을 쓰시오.,"""(     )은 지엄의 문하에서 체득한 사상의 요체를 도형화하여 펴냈다. 그는 이 저술에서 “법성은 원융하여 두 모습이 없으니 이름도 없고 모양도 없어 깨달아 알 수 있는 경지가 아니다. 진성은 심오하고 미묘하여 독자적으로 존재하는 것이 아니라 인연을 따라 이루어진다. 하나 안에 일체가 있고 많음 안에 하나가 있으니, 하나가 곧 일체이고 많음이 곧 하나이다.”라는 논리를 폈다.""",,의상,,,,
,상,빈칸에 들어갈 말을 쓰시오.,"""신라 촌락 문서는 1933년 일본의 도다이사 쇼소인(정창원)에 소장된 (     )의 경질을 수리하는 과정에서 발견되었다. 경질은 경전을 보관하기 위한 포장으로, 신라 촌락 문서는 경질의 일부로 밝혀졌다. 신라 촌락 문서에는 서원경(충북 청주) 부근의 촌을 비롯한 4개 촌의 이름과 소속 현, 토지의 종류와 면적, 인구와 가구, 소와 말의 수, 뽕나무·잣나무·가래나무의 수 등이 기록되어 있다. 이 문서는 통일 이후 신라의 경제 상황과 조세 행정을 알려 주는 자료이다.""",,『화엄경론』,,,,
,상,다음 자료 속 ‘나’에 해당하는 인물의 이름을 쓰시오.,"""나는 몸을 잊고 도를 묻는 데 뜻을 두어 다행히 과거의 인연으로 선 지식을 두루 참배하다가 진수 대법사 밑에서 교관을 대강 배웠다. 강술하는 여가에 법사는 일찍이 제자들을 훈시하여, “관을 배우지 않고 경만 배우면 비록 오주의 인과를 들었더라도 삼중의 성덕에는 통하지 못하며, 경을 배우지 않고 관만 배우면 비록 삼중의 성덕을 깨쳤으나 오주의 인과를 분별하지 못한다. 그런즉 관을 배우지 않을 수도 없고 경을 배우지 않을 수도 없다”라고 했다.""",,의천,,,,
,상,다음 사건을 지칭하는 용어를 쓰시오.,"""1611년(광해군 3) 정인홍이 이언적과 이황이 을사사화 때 관직에 있으면서 사화를 막지 못한 책임이 있다고 비판하며 이들을 문묘에서 출향하자고 했던 일을 말한다. 정인홍은 조식의 제자였는데, 문묘에 종사되지 못한 스승을 변호하기 위해 이들을 비판한 것이었다. 그러나 이러한 비판은 역풍을 불러와 도리어 정인홍이 유림에서 배척되는 결과를 가져왔다.""",,회퇴변척,,,,
,상,빈칸에 들어갈 단어를 쓰시오.,"""정여립은 원래 율곡 이이의 제자로 명망이 있는 사림학자였으나 서인정치의 한계를 느끼고, 급진적인 일부 동인과 널리 연계를 맺고, 비기참설로 민심을 현혹시켜 전라도와 황해도, 충청도의 승려, 천민, 평민을 끌어들여 전라도 진안 죽도에서 (     )라는 비밀결사를 조직하고 새 왕조를 세우려는 역성혁명을 꿈꿨다.""",,대동계,,,,
,상,다음의 기초 조항을 발표한 단체의 이름을 쓰시오.,"""1. 어린이를 재래의 윤리적 압박으로부터 해방하야 그들에게 대한 완전한 인격적 예우를 허하게 하라.----------1. 어린이를 재래의 경제적 압박으로부터 해방하야 만 14세 이하의 그들에게 대한 무상 또는 유상의 노동을 폐하게 하라.----------1. 어린이 그들이 고요히 배우고 즐거이 놀기에 족할 각양의 가정 또는 사회적 시설을 행하게 하라.""",,천도교소년회,,,,
,상,빈칸에 들어갈 말을 쓰시오.,"""본래 광복진선 3당은 먼저 그 자신의 통일을 완성하여 해외 민족운동가의 대동단결을 실현하고, 그 후에 비로소 공산주의자들과도 합작을 하는 것으로 통일 방안을 세웠다. 그러나 이것을 제기하는 자들은 통일이라는 미명으로 오히려 이것을 방해하는 일이 적지 않았다. 작년 1939년 5월에 통합 논의가 시작되어, 한 해가 지난 이번 달에 드디어 3당 해체와 함께 (     )을 조직하기로 결정하였다.""",,한국독립당,,,,
,상,다음은 하지 중장의 연설을 발췌한 것이다. 빈칸에 들어갈 기구의 이름을 적으시오.,"""(     )의 개원은 남한의 민주주의 발전상, 한국 자치 촉성상 가장 중요한 단계입니다. ··· 한국인은 처음으로 입법기관을 갖게 되며 거기에서 한국 문제를 자유롭게 토의 연구하며 민의에 의하여 사회적 경제적 향상책을 강구할 것입니다.""",,남조선과도입법의원,,,,
,상,제시문의 현 정부에 해당하는 정부를 적으시오.,"""현 정부는 과거보다 일층 더 견실하고도 확고하게 반공주의 정책을 전진시킬 것이다. 허장성세하는 반공의 물질적 정신적 낭비를 없애고 이것이 유효하고 구체적인 대공 방위 태세를 확립하는 데로 돌려야 할 것이다. 대한민국을 내용이 충실하고 자유가 충만한 반공보루로 만드는 것이 정부와 국민의 우선적 과업이다.""",,허정 과도 정부,,,,
,상,다음 내용이 포함된 조약의 이름을 쓰시오.,"""대한민국과 일본국은 양국 국민 관계의 역사적 배경과, 선린 관계와 주권 상호 존중의 원칙에 입각한 양국 관계의 정상화에 대한 상호 희망을 고려하며, 양국의 상호 복지와 공통 이익을 증진하고 ···제8조 양 체약 당사국 간에 외교 및 영사 관계를 수립한다. 양 체약 당사국 간은 대사급 외교 사절을 지체 없이 교환한다. 양 체약 당사국은 또한 양국 정부에 의하여 합의되는 장소에 영사관을 설치한다.제8조 1910년 8월 22일 및 그 이전에 대한제국과 일본국 간에 체결된 모든 조약 및 협정이 이미 무효임을 확인한다.""",,「한일기본조약」,,,,
,상,빈칸에 들어갈 인물을 쓰시오.,"""광종의 장자 희종은 16세의 소년으로 황제에 즉위하니 그는 명일대의 암군이다. 희종은 유모인 이선시란 여관이 환관 (     )과 공모하여 권력을 독점하려고 황제와 함께 건청궁에서 동거하였다. 동림파 관료는 이들의 동거를 반대하였으나 황제는 이선시와 함께 생활할 것을 강력히 원하였다. 동림파 관료는 할 수 없이 이씨를 별궁으로 옮겨 정치에 개입하지 못하게 하였는데, 이 사건을 이궁안이라 한다.""",,위충헌,,,,
,상,빈칸에 들어갈 사건의 명칭을 쓰시오.,"""평화 9년, 재상 이훈·정주 등이 공모하여 구사양을 비롯한 환관들을 대명궁의 후원에 있는 석류나무로 유인하여 일망타진하려 하였다. 그러나 사전에 탄로되어 조정 중신이 도리어 환관에게 살해되니 이를 (     )이라 한다. 이후 환관의 세력은 더욱 극성하여 고관은 머리를 조아리며 환관의 명령에 복종하고 황제도 환관이 마음대로 폐립하였다.""",,감로의 변,,,,
,상,빈칸에 들어갈 용어를 쓰시오.,"""한 문제의 신임을 얻은 가의는 태중대부가 되어 조정의 기밀을 관장하면서 (     )이라고 불리는 글을 작성하였다. 그 글에서 그는 진 제국이 `일개 필부`의 등장으로 멸망하게 된 원인을, 인의의 정치를 행하지 않고 통치 방식을 바꾸지 않은 탓이라고 말했다. 가의는 한 왕조도 역법을 고치고 제도를 정비하는 등 개혁에 나서야 한다고 주장했는데, 이는 당시 조정 훈신들의 불만을 샀다.""",,과진론,,,,
,상,다음에서 설명하는 제도를 실시한 인물을 쓰시오.,"""태화 9년에 조서를 내려 천하의 백성에게 토지를 공평하게 나누어주었다. 15세 이상의 모든 남자는 노전 40무를 받으며, 부인은 20무, 노비는 양민과 같은 방법으로 받는다. 소 한 마리 당 토지 30무를 받되 네 마리까지로 제한한다. ··· 모든 백성은 역을 부과할 나이가 되면 토지를 받으며, 늙어서 역을 면제받거나 죽으면 토지를 국가에 반납한다.""",,효문제,,,,
,상,다음 사료에서 원보장소사선생이 가리키는 인물을 쓰시오.,"""이때 황제가 그를 더욱 중시하여, 종종 그를 원보장소사선생이라 부르며 스승의 예로 다하였다. ··· 그는 부천의 상기를 다 마치지 않고 관직에 복귀한 후 더욱 고집스럽고 방자하였다. 그가 올리거나 내쫓은 이들은 대부분 그가 좋아하거나 싫어하던 이였고, 그의 주변에서 일하는 자들은 대부분 뇌물이 통하던 이였다. ··· 그는 시세의 변화에 통달하여 용감히 일을 맡았다. 신종 초기의 정치가 쇠락해 가는 것을 다시 일으켰으니, 세상을 구제한 인재라 일컫지 않을 수 없다. 그러나 권력이 군주를 놀라게 할 정도였으니, 결국 죽은 후에 화가 미쳤다.""",,장거정,,,,
,상,빈칸에 들어갈 말을 고르시오.,"""짐은 태후의 명을 받든다. 대학사 일등숙의백 직례총독 이홍장은 항상 주도면밀하게 계획하고 원대하게 생각하며 남들보다 재능이 뛰어났다. 한림의 신분으로 회군을 통솔하여 큰 공을 세웠다. 직례총독 겸 북양대신으로 임명받아 어려운 세상을 구하고 안팎을 화목하게 어울리도록 했다. ··· 지난해 (     )이 발생하자 대학사는 전권 대신으로 특파되어 각국 사신과 화약을 체결하여 시국에 큰 도움을 주었다.""","양계초, 『이홍장』",경사의 변,,,,
,상,빈칸에 들어갈 속담을 쓰시오.,"""송대 농업 생산이 비약적으로 증가하게 된 원인 중 하나는 국가가 추진한 적극적인 농업 장려책이다. 이 시기에는 새로운 농업 기술과 점성도가 도입되었다. 특히 신종 때 황무지 개간이나 우전, 위전 등 새로운 경작지 확대를 꾀한 농촌 진흥책이 적극적으로 시행되었다. 그 결과, 남송 시대 양자강 하류 지역은 최대의 미곡 생산지로 변하면서 ‘(     )’이라는 속담이 생기게 되었다.""",,소호숙 천하족,,,,
,상,빈칸에 들어갈 인물을 쓰시오.,"""호부운남청리사주사 신 (     )는 군주의 도를 바로 잡고 신하의 직분을 밝혀 만세의 치안을 추구하기 위해 천하의 제일사에 대해 아룁니다. ··· 신은 조정의 큰 은혜를 입었으니 직언하여 죄를 입을지언정 거짓을 말하지 않을 것이며 좋은 것은 좋다 하고 나쁜 것은 나쁘다 하여 조금도 숨기지 않을 것입니다. ··· 폐하께서는 불로장생이 가능하다고 하여 수련에만 일관하시고 천하가 풍요로움에 백성의 고혈이 있음을 알지 못하고 대규모 토목 공사를 벌이며 20여 년 동안 정무를 보지 않으셨습니다. ··· 10년래에 극에 달아 천하 사람들은 폐하의 연호를 빗대어 말하기를 “가정이란 집들이 모두 깨끗해 쓸 게 없다”고 합니다.""",,해서,,,,
,상,빈칸에 들어갈 사건의 명칭을 쓰시오.,"""만력 29년 5월 초순에 세금 징수를 독촉하기 위해 파견된 환관 손륭은 소주로 와서 5개 세관에서 거둔 상세가 할당액에 미치지 못한다는 사실을 알고, 그의 부하 황건절을 보내 처리하게 하였습니다. 황건절은 지방의 무뢰배 12명과 짜고 멋대로 세금을 가중하여 부과했습니다. 이에 더하여 직기마다 매달 은 3전씩을 과세하려 하니 인심이 흉흉해지고 유언비어가 사방에 퍼졌습니다. 이에 모든 기호들이 문을 닫았고, 결국 (     )이 일어났습니다.""",『신종실록』,직용의 변,,,,
,상,빈칸에 들어갈 사건의 명칭을 쓰시오.,"""남경 점령 이후 지도부 내부에는 권력투쟁을 위한 반목과 알력이 표면화되었다. 천왕은 북왕에게 지시해 군사와 행정의 실권을 장악하고 있던 동왕의 횡포를 타도하고, 이후 북왕도 그의 전횡을 문제삼아 처형하였으며, 이후 사후처리에 나선 익왕도 천왕의 의심과 박해로 남경에서 이탈하였는데, 이를 (     )이라고 한다.""",,천경사변,,,,
,상,다음 조약이 체결된 지역에서 발발했던 전쟁에 대한 설명으로 옳은 것을 고르시오.,"""제1조 청국은 조선국이 완전무결한 독립 자주국임을 확인한다.----------제2조 청국은 아래에 기록한 지역의 관리 권한 및 해당 지방에 있는 성루, 무기 공장과 모든 공공 기물을 영원히 일본국에 할양한다.----------1. 봉천성 남부의 땅(랴오둥반도) 2. 타이완 전체와 그에 딸린 여러 섬----------제4조 청국은 군비 배상금으로 은 2억 냥을 일본국에 지급할 것을 약속한다.""",,"④ 미국, 영국, 프랑스, 네덜란드가 참전하였다.",① 일본 본토에서의 마지막 내전이다.,② 사이고 다카모리가 고향으로 돌아와 일으킨 전쟁이다.,③ 사츠마 번의 외세 배척 정책이 계기가 된 전쟁이다.,"④ 미국, 영국, 프랑스, 네덜란드가 참전하였다."
,상,다음 조약과 관련된 내용으로 옳지 않은 것을 고르시오.,""" 연합국은 일본 및 그 영해에 대한 일본 국민의 완전한 주권을 승인한다. 일본은 조선의 독립을 승인하고 ··· 조선, 타이완 및 펑후 제도에 대한 모든 권리 및 청구권을 포기한다. 일본은 전쟁으로 준 피해에 대해 연합국에 배상하는 것이 마땅하나, 현재의 일본 경제 상태로는 어렵다. 연합국은 일본인이 일하여 갚도록 하는 배상에 대한 교섭을 시작한다. 그렇지 않으면 연합국은 배상을 포기한다.""",,③ 소련과 폴란드는 조약을 위한 강화 회의에 초정받았으나 불참하였다.,"① 타이완(중화민국)은 이를 위한 강화 회의에 참석하지 않았으나, 추후 개별적으로 일본과 평화조약을 맺었다.","② 일본은 이 조약으로 주권을 회복했지만, 한동안 국제연합(UN) 가입에 실패하였다.",③ 소련과 폴란드는 조약을 위한 강화 회의에 초정받았으나 불참하였다.,④ 일본은 필리핀을 비롯한 동남아시아와 경제 원조의 방식으로 배상 교섭을 성사시켰다.
,상,빈칸에 들어갈 사건의 명칭을 쓰시오.,"""1920년대 일본의 중국에 대한 외교 정책의 기조는 내정 불간섭 원칙을 취하면서 군벌 정부와의 우호 관계를 통해 일본의 국익을 지키고자 하는 것이었다. 그러나 1926년 7월 국민 혁명군이 반외세 ··· 반군벌을 내세우고 북벌을 시작하면서 일본의 중국 정책은 커다란 위기에 봉착했다. ··· 1927년 6월 일본 정부는 국민혁명군의 북벌 저지를 위한 1차 산둥 출병 직후, 외무성과 육해군의 간부를 모아 (     )를 개최하였다.""",,동방회의,,,,
,상,현대 일본 정치사에 대한 내용으로 옳은 것을 고르시오.,,,① 1945년 GHQ에 의해 여성에게도 참정권이 주어졌다.,① 1945년 GHQ에 의해 여성에게도 참정권이 주어졌다.,② 1960년 있었던 안보투쟁은 미일 신 안보조약 체결을 무산시켰다.,③ 1972년에는 사토 에이사쿠 총리의 방중으로 중화인민공화국과의 국교를 정상화시켰다.,④ 2009년에는 민주당에 의해 55년 체제 이래 첫 정권교체가 이루어졌다.
,상,빈칸에 공통으로 들어갈 인물을 쓰시오.,"""싱가포르의 초대 총리였던 (     )가 8차례 집권한 후 자신의 부수상이었던 고촉동을 후계로 삼았다. 그러나 자신은 고위장관이라는 직책을 만들어 여전히 집권하고 있었고, 고촉동이 부수상으로 (     )의 아들인 리센룽을 임명함으로서 인민행동당의 일당독재가 시작되었다.""",,리콴유,,,,
,상,빈칸에 들어갈 인물을 쓰시오.,"""태국과 캄보디아는 지난 100여 년간 국경 분쟁을 이어오고 있으며, 2025년 7월 23일 지뢰 폭발로 태국 군인 5명이 부상 당하며 이번 국경 분쟁이 촉발되었다. 캄보디아의 실세이자 전 캄보디아 총리 (     )이 패통탄 친나왓 전 태국 총리와의 통화 내용을 유출하며 양국 관계가 악화하였다. 두 국가는 미국발 관세 위협 등의 상황에서 휴전에 합의하였다.""",,훈 센,,,,
,상,다음 내용에서 설명하는 당의 이름으로 옳은 것을 고르시오.,"""싱가포르에서 1959년 이래로 의회에서 여당을 놓치지 않고 있는 정당이다. 이 당은 중앙집행위원회를 두고 있으며 이 기구에서 당의 의사 결정이 이루어진다. 창당 초창기에는 좌파계열의 인물들이 당의 주요 인물로 활동했기 때문에 당의 이름도 이에 영향을 받았다.""",,➀ 인민행동당,➀ 인민행동당,➁ 노동당,➂ 민주행동당,➃ 사회당
,상,빈칸에 들어갈 말을 쓰시오.,"""이 일을 수행하기 위해 4년이나 5년마다 ··· 켄투리아회에서 선출된 ··· (     )의 임무는 과거에 집정관이 수행했던 의무들, 특히 선거, 조세, 그리고 병무 목적으로 작성하는 로마 시민들의 공식 명부, 인구조사 자료 편찬이었다.""","하이켈하임, 󰡔로마사󰡕",켄소르(감찰관),,,,
,상,빈칸에 들어갈 말을 쓰시오.,"""내전의 참화를 진화하고 모두의 동의에 따라 전권을 행사했던 집정관 6선과 7선 임기 중, 나는 로마 원로원과 인민에게 공화국을 이양했다. 이러한 공을 기리는 의미로 원로원은 나를 (     )라 칭할 것을 결의하였다. ··· 이때부터 나는 권위로 모든 이를 능가하였으나, 내가 임한 관직의 동료들보다 더한 공적 권력을 지니지 않았다.""","(     ), 󰡔업적록󰡕",아우구스투스,,,,
,상,빈칸에 들어갈 말을 쓰시오.,"""페르시아 전쟁과 펠로폰네소스 전쟁에 사용되었던 선박은 3단 노선(trireme)으로, 당시 함대의 노병(櫓兵)으로 충원된 (     )는 아테네 최하층 시민 계급이다. 아테네가 해상강국의 위용을 떨쳤던 페리클레스 시대의 민주주의를 완성된 형태의 민주주의로 보기도 한다.""",,테테스(빈민),,,,
,상,"다음 ㉠, ㉡에 들어갈 말을 쓰시오.","""펠로폰네소스 전쟁 이후 코린토스와 ( ㉠ )은/는 아테네의 파괴와 예속화를 주장했지만, 스파르타는 이에 반대했다. 대신 장벽을 허물고 12척을 제외한 모든 배를 스파르타로 넘기며, 추방된 자들을 받아들이고 스파르타와 동맹을 체결하는 조건으로 아테네와 강화를 맺었다. ··· (중략) ··· 아테네에서는 30명이 대표로 선출되어 스파르타와의 강화안을 이행하기 시작했다. 또한 새로운 체제를 위한 입법을 늦추면서 민주정 당시의 주요 인사들을 체포하고 처형했다.""","( ㉡ ), 󰡔헬레니카󰡕",㉠: 테베 ㉡:크세노폰,,,,
,상,빈칸에 들어갈 인물의 이름을 쓰시오.,"""(     )의 명령을 좇아 마르도니오스가 소아시아의 연안을 따라 항해하여 이오니아에 도착했을 때, 그곳에서 매우 놀라운 일이 일어났다. 나는 오타네스가 민주정을 실시해야 한다고 주장했다는 사실을 믿지 못하는 그리스인들을 위해, 그 놀라운 일을 여기서 언급하겠다. 즉 마르도니오스는 이오니아 참주들을 모두 폐위하고, 그 폴리스들에 민주정을 수립했던 것이다. 그리고 마르도니오스의 군대는 에레트리아와 아테네를 목표로 진군해갔다.""","헤로도토스, 󰡔역사󰡕",다리우스 1세,,,,
,상,공의회와 그를 소집한 사람이 잘못 연결된 것을 고르시오.,,,➂ 콘스탄츠 공의회 – 교황 마르티노 5세,➀ 에페소 공의회 – 동로마 황제 테오도시우스 2세,➁ 제2차 콘스탄티노폴리스 공의회 – 동로마 황제 유스티니아누스 1세,➂ 콘스탄츠 공의회 – 교황 마르티노 5세,➃ 트리엔트 공의회 – 교황 바오로 3세
,상,다음 빈칸에 공통으로 들어갈 왕의 이름을 쓰시오.,"""이와 같이 (     )은 잉글랜드 교회가 자유로울 것, (     )의 왕국의 백성이 앞에서 기술한 자유 권리 및 허용된 모든 것을 올바르게 그리고 평화롭게, 자유롭고 평온하며 완전하게 그들 자신 및 그 상속인을 위해서 (     )과 (     )의 상속인으로부터 어떤 점에 대해서나 또는 어떤 장소에서도 영구히 보유·유지할 것을 원하며 또한 명확히 명령한다. ··· 윈저와 스테인스 사이에 있는 러니미드라는 초지에서 (     )의 치세 제17년 6월 15일 (     )의 손에 의해 부여된다.""",,존,,,,
,상,빈칸에 공통으로 들어갈 단어를 쓰시오.,"""동부독일은 12세기 이래 대대적인 식민운동으로 개척된 곳으로, 새로 건설된 농촌의 주민은 자유롭고 부담도 가벼운 편이었다. 그러나 16세기에 ‘농노제의 재판’이라고도 불리는 (     ), 즉 예속적인 농민의 노동력에 입각한 영주제적인 대농장경영이 성립해 농민들은 농노와 다름없는 예농으로 전락했다. (     )가 장원제도와 다른 점은 ··· 장원이 본질적으로는 자급자족을 목표로 하는 데 반해 (     )가 시장을 목표로 곡물생산을 하는 대농장경영이라는 점이다.""",,구츠헤르샤프트(gutsherrschaft),,,,
,상,다음 빈칸에 들어갈 말을 순서대로 쓰시오.,"""단테는 만년에 쓴 작품 (     )에서 로마의 시인 베르길리우스의 안내로 지옥과 연옥을 거쳐, 다시 베아트리체의 안내로 천국에 이르는 여정을 다루었다. 이 작품은 토마스 아퀴나스의 『신학대전』과 더불어 중세의 대표적인 작품으로 꼽힌다. 한편 보카치오의 데카메론은 (     )에 대응하여 (     )이라는 별칭이 붙었다.""",,"신곡, 인곡",,,,
,상,빈칸에 들어갈 법의 이름을 쓰시오.,"""남북전쟁 당시 미국 정부는 1862년 미국 서부의 미개발 토지를 한 구역당 160에이커씩 무상으로 제공하는 (     )를 제정하여 이민자들에게 서부 개척을 촉진하고자 하였다. 이 법의 제정으로 본격적인 북아메리카 서부 개척이 시작되었으며, 미국의 서부 식민화가 실행되었다.""",,홈스테드 법(Homestead Act),,,,
,상,빈칸에 들어갈 단어를 순서대로 쓰시오.,"""재세례파는 종교개혁 당시 등장한 기독교의 급진 개혁 종파로, 교회의 전통을 거의 인정하지 않았다. 특히 이들이 초점을 맞춘 부분은 유아세례이다. 이들은 자신의 신앙과 의식이 있다고 보기 어려운 유아 시기에 받은 세례가 무의미하다고 주장하였으며, 이에 따라 유아세례의 효력을 부정하였다. 그러나 이들은 가톨릭과 주류 개신교 세력에게 이단으로 취급되어 박해받았고, 어느 도시의 주교를 몰아내고 신정 정치를 세우려던 ( ㉡ ) 이후 동유럽과 아메리카로 이주하였다.""",,뮌스터 반란,,,,
,상,다음 글에서 알 수 있는 단체의 이름과 해당 단체를 이끈 인물의 이름을 쓰시오.,"""( ㉠ )의 탄생은 1831년으로 거슬러 올라가며 그 목적은 다음과 같다. 첫째, 이탈리아 영토 전체를 아우르는 독립적이고, 분할될 수 없는 하나의 공화국을 건설하는 것이다. ··· 모든 형태의 군주제나 입헌 군주제혹은 다른 정치 체제는 필요한 경우 과도기적 체제로서만 받아들인다. ··· 내가 가진 모든 도덕적, 신체적 역량을 조국과 조국의 재건을 위해 바치고, 나의 생각과 말과 행동을 이탈리아의 독립, 통일 그리고 자유의 쟁취를 위해 바칠 것”을 맹세해야 한다.""",( ㉡ ),"㉠: 청년 이탈리아당(Giovine Italia), ㉡: 주세페 마치니",,,,
,상,다음 빈칸에 공통으로 들어갈 알맞은 용어를 쓰시오.,"""1968년 1월 체코슬로바키아에서는 개혁이 단행되어 스탈린주의자가 추방되고 1950년대에 숙청되었던 두브체크가 집권하면서 개혁을 추진시키려 하였다. 이 사건을 (     )이라 한다. 두브체크는 바르샤바조약에 충성을 표명하였으나 그의 ‘인간의 얼굴을 가진 사회주의’로의 개혁은 강경파에 큰 위협이었고 주변 위성국에 미칠 영향도 염려스러웠다. ··· 브레즈네프는 1968년 8월 소련군을 중심으로 한 바르샤바조약 기구군 50만명을 동원하여 체코슬라바키아를 점령하고 두브체크와 그의 동조자들을 체포하여 개헌 이전의 상태로 복구시켰다. 이로써 (     )은 어이없이 사라졌다.""",,프라하의 봄,,,,
,상,빈칸에 공통으로 들어갈 알맞은 용어를 쓰시오.,"""여권운동에서 (     )은 여성운동가들이 인식했던 것처럼 여성의 능력을 보여주는 대표적인 상징으로서 정치적 진보를 의미했다. 영국에서는 (     )이 급진적인 성격을 띠면서 1903년 에멀린 팽크허스트(Emmeline Pankhurst)가 여성사회정치연합(Women’s Social and Political Union)을 창설하고 호전성과 시민불복종을 전술로 채택하였다. 이들은 체포되어 투옥된 이후에도 단식투쟁을 벌이면서 ‘정치범’ 대우를 요구하기도 하였다.""",,참정권 운동(서프러제트),,,,
,상,빈칸에 들어갈 인물을 쓰시오.,"""1961년 예루살렘에서 열린 재판의 피고이자 전 나치 보안국 관리 (     )은 이렇게 말했다. “나는 결코 유대인을 증오하지 않았지만, 다르게 행동할 수는 없었습니다. 나는 죄책감을 느끼지 않습니다. ··· ‘최종 해결’에서 내가 맡은 역할은 우연에 의한 것입니다. 누구라도 내 역할을 떠맡았을 수 있습니다.” 그의 발언은 홀로코스트를 포함한 제노사이드(인종학살) 문제를 전반적으로 성찰하는 계기가 되었다.""",,아돌프 아이히만,,,,
,상,빈칸에 들어갈 인물을 쓰시오.,"""중일전쟁 당시 일본은 전선 확대를 위해 시베리아까지 뻗어나가는 방법을 택했다. 이때 만주와 몽골의 국경지대인 할힌골에서 소련과 일본이 충돌했고, 소련의 명장 (     )의 활약으로 소련이 승리했다. 전투에서 패배한 일본은 북쪽 진격이 불가능하다고 판단해 남쪽으로 노선을 변경했고, 이후 양국은 중립 조약을 체결해 일종의 불가침 협정을 맺었다.""",,게오르기 주코프,,,,